City_State,State,Country,Low,Average,High,Latitude,Longitude,"Accuracy Score","Accuracy Type",Number,Street,"Unit Type","Unit Number",City,State,County,Zip,Country,Source
"Abilene, TX",TX,US,200,200,200,32.576489,-99.665323,1,place,,,,,Abilene,TX,"Taylor County",79601,US,"TIGER/Line® dataset from the US Census Bureau"
"Accident, MD",MD,US,54,54,54,39.6287,-79.31976,1,place,,,,,Accident,MD,"Garrett County",21520,US,"TIGER/Line® dataset from the US Census Bureau"
"Adak, AK",AK,US,10,10,10,51.829438,-176.629994,1,place,,,,,Adak,AK,"Aleutians West Census Area",99546,US,"TIGER/Line® dataset from the US Census Bureau"
"Adrian, MI",MI,US,150,150,150,41.889943,-84.065892,1,place,,,,,Adrian,MI,"Lenawee County",49221,US,"TIGER/Line® dataset from the US Census Bureau"
"Ajo, AZ",AZ,US,250,250,250,32.38489,-112.89011,1,place,,,,,Ajo,AZ,"Pima County",85321,US,"TIGER/Line® dataset from the US Census Bureau"
"Alameda, CA",CA,US,8,8,8,37.770563,-122.264779,1,place,,,,,Alameda,CA,"Alameda County",94501,US,"TIGER/Line® dataset from the US Census Bureau"
"Alamosa, CO",CO,US,350,350,350,37.479933,-105.790967,1,place,,,,,Alamosa,CO,"Alamosa County",81101,US,"TIGER/Line® dataset from the US Census Bureau"
"Albany, CA",CA,US,500,500,500,37.889525,-122.29828,1,place,,,,,Albany,CA,"Alameda County",94706,US,"TIGER/Line® dataset from the US Census Bureau"
"Albany, NY",NY,US,"7,000",7900,"9,000",40.709963,-74.014405,1,street_center,,"Albany St",,,"New York",NY,"New York County",10006,US,"TIGER/Line® dataset from the US Census Bureau"
"Alexandria, VA",VA,US,17,17,17,38.819853,-77.059645,1,place,,,,,Alexandria,VA,"Alexandria city",22301,US,"TIGER/Line® dataset from the US Census Bureau"
"Albuquerque, NM",NM,US,"3,000",8400,"15,000",35.199592,-106.644831,1,place,,,,,Albuquerque,NM,"Bernalillo County",87101,US,"TIGER/Line® dataset from the US Census Bureau"
"Alliance, NE",NE,US,100,125,150,42.09302,-102.8702,1,place,,,,,Alliance,NE,"Box Butte County",69301,US,"TIGER/Line® dataset from the US Census Bureau"
"Almanor West, CA",CA,US,4,4,4,33.058653,-115.448318,0.53,place,,,,,Wiest,CA,"Imperial County",92227,US,"TIGER/Line® dataset from the US Census Bureau"
"Alpine, TX",TX,US,96,96,96,30.357926,-103.66029,1,place,,,,,Alpine,TX,"Brewster County",79830,US,"TIGER/Line® dataset from the US Census Bureau"
"Amarillo, TX",TX,US,600,645,700,35.20603,-101.839602,1,place,,,,,Amarillo,TX,"Potter County",79101,US,"TIGER/Line® dataset from the US Census Bureau"
"Amelia Island, FL",FL,US,700,1000.15,"1,367",29.681312,-82.353862,0.67,place,,,,,"Island Grove",FL,"Alachua County",32654,US,"TIGER/Line® dataset from the US Census Bureau"
"Anacortes, WA",WA,US,"1,200",1200,"1,200",48.499172,-122.607111,1,place,,,,,Anacortes,WA,"Skagit County",98221,US,"TIGER/Line® dataset from the US Census Bureau"
"Anchorage, AK",AK,US,"2,000",2900,"4,000",61.220018,-149.855702,1,place,,,,,Anchorage,AK,"Anchorage Municipality",99501,US,"TIGER/Line® dataset from the US Census Bureau"
"Angola, IN",IN,US,24,42,60,41.672567,-85.000474,1,place,,,,,Angola,IN,"Steuben County",46703,US,"TIGER/Line® dataset from the US Census Bureau"
"Ann Arbor, MI",MI,US,"11,000",11000,"11,000",42.266638,-83.849042,1,place,,,,,"Ann Arbor",MI,"Washtenaw County",48103,US,"TIGER/Line® dataset from the US Census Bureau"
"Annapolis, MD",MD,US,"1,600",1600,"1,600",38.98775,-76.5528,1,place,,,,,Annapolis,MD,"Anne Arundel County",21401,US,"TIGER/Line® dataset from the US Census Bureau"
"Annville, PA",PA,US,30,30,30,40.33237,-76.50737,1,place,,,,,Annville,PA,"Lebanon County",17003,US,"TIGER/Line® dataset from the US Census Bureau"
"Appleton, WI",WI,US,3,3,3,44.275702,-88.370856,1,place,,,,,Appleton,WI,"Outagamie County",54911,US,"TIGER/Line® dataset from the US Census Bureau"
"Arden, DE",DE,US,40,45,50,39.809279,-75.486587,0.8,place,,,,,Arden,DE,"New Castle County",19810,US,"TIGER/Line® dataset from the US Census Bureau"
"Asbury Park, NJ",NJ,US,"6,000",6000,"6,000",40.250725,-74.048582,1,place,,,,,"Asbury Park",NJ,"Monmouth County",07712,US,"TIGER/Line® dataset from the US Census Bureau"
"Asheville, NC",NC,US,"7,000",8350,"10,000",35.602711,-82.567281,1,place,,,,,Asheville,NC,"Buncombe County",28801,US,"TIGER/Line® dataset from the US Census Bureau"
"Ashland, OR",OR,US,"8,000",11150,"15,000",42.148098,-122.537356,1,place,,,,,Ashland,OR,"Jackson County",97520,US,"TIGER/Line® dataset from the US Census Bureau"
"Aspen, CO",CO,US,200,560,"1,000",39.169324,-106.776744,1,place,,,,,Aspen,CO,"Pitkin County",81611,US,"TIGER/Line® dataset from the US Census Bureau"
"Astoria, OR",OR,US,"1,300",1435,"1,600",46.142206,-123.795996,1,place,,,,,Astoria,OR,"Clatsop County",97103,US,"TIGER/Line® dataset from the US Census Bureau"
"Athens, GA",GA,US,700,2635,"5,000",33.992902,-83.353697,1,place,,,,,Athens,GA,"Clarke County",30601,US,"TIGER/Line® dataset from the US Census Bureau"
"Athens, OH",OH,US,300,390,500,39.339279,-82.013803,1,place,,,,,Athens,OH,"Athens County",45701,US,"TIGER/Line® dataset from the US Census Bureau"
"Atlanta, GA",GA,US,"60,000",61350,"63,000",33.844371,-84.47405,1,place,,,,,Atlanta,GA,"Fulton County",30301,US,"TIGER/Line® dataset from the US Census Bureau"
"Augusta, GA",GA,US,600,600,600,33.456687,-81.969184,1,place,,,,,Augusta,GA,"Richmond County",30901,US,"TIGER/Line® dataset from the US Census Bureau"
"Augusta, ME",ME,US,"5,000",7250,"10,000",44.351642,-69.803773,1,place,,,,,Augusta,ME,"Kennebec County",04330,US,"TIGER/Line® dataset from the US Census Bureau"
"Austin, TX",TX,US,"33,000",50550,"72,000",30.326374,-97.771258,1,place,,,,,Austin,TX,"Travis County",73301,US,"TIGER/Line® dataset from the US Census Bureau"
"Avalon, CA",CA,US,44,44,44,33.34281,-118.32785,1,place,,,,,Avalon,CA,"Los Angeles County",90704,US,"TIGER/Line® dataset from the US Census Bureau"
"Bailey, CO",CO,US,5,5,5,39.40554,-105.47333,1,place,,,,,Bailey,CO,"Park County",80421,US,"TIGER/Line® dataset from the US Census Bureau"
"Bainbridge Island, WA",WA,US,200,267.5,350,47.647774,-122.538016,1,place,,,,,"Bainbridge Island",WA,"Kitsap County",98110,US,"TIGER/Line® dataset from the US Census Bureau"
"Bakersfield, CA",CA,US,88,119,150,35.384337,-119.020562,1,place,,,,,Bakersfield,CA,"Kern County",93301,US,"TIGER/Line® dataset from the US Census Bureau"
"Baltimore, MD",MD,US,"5,000",5000,"5,000",39.296536,-76.623489,1,place,,,,,Baltimore,MD,"Baltimore city",21201,US,"TIGER/Line® dataset from the US Census Bureau"
"Bar Harbor, ME",ME,US,50,52.5,55,44.38132,-68.21107,1,place,,,,,"Bar Harbor",ME,"Hancock County",04609,US,"TIGER/Line® dataset from the US Census Bureau"
"Bandon, OR",OR,US,70,70,70,43.088824,-124.389936,1,place,,,,,Bandon,OR,"Coos County",97411,US,"TIGER/Line® dataset from the US Census Bureau"
"Bayfield, WI",WI,US,427,427,427,46.853517,-90.915934,1,place,,,,,Bayfield,WI,"Bayfield County",54814,US,"TIGER/Line® dataset from the US Census Bureau"
Beaufort,NC,US,11,11,11,34.753777,-76.610744,1,place,,,,,Beaufort,NC,"Carteret County",28516,US,"TIGER/Line® dataset from the US Census Bureau"
"Beaumont, TX",TX,US,300,300,300,30.073712,-94.109705,1,place,,,,,Beaumont,TX,"Jefferson County",77701,US,"TIGER/Line® dataset from the US Census Bureau"
"Beaver, PA",PA,US,275,288,300,40.69534,-80.30478,1,place,,,,,Beaver,PA,"Beaver County",15009,US,"TIGER/Line® dataset from the US Census Bureau"
"Beaver Island, MI",MI,US,18,20,22,45.668447,-85.547299,1,place,,,,,"Beaver Island",MI,"Charlevoix County",49782,US,"TIGER/Line® dataset from the US Census Bureau"
"Bellingham, WA",WA,US,"5,000","5,450","6,000",48.754092,-122.508129,1,place,,,,,Bellingham,WA,"Whatcom County",98225,US,"TIGER/Line® dataset from the US Census Bureau"
"Bemidji, MN",MN,US,250,362.5,500,47.571964,-94.801272,1,place,,,,,Bemidji,MN,"Beltrami County",56601,US,"TIGER/Line® dataset from the US Census Bureau"
"Bend, OR",OR,US,"3,000",3900,"5,000",44.082037,-121.227125,1,place,,,,,Bend,OR,"Deschutes County",97701,US,"TIGER/Line® dataset from the US Census Bureau"
"Bennington, VT",VT,US,75,100,125,42.8746,-73.18505,1,place,,,,,Bennington,VT,"Bennington County",05201,US,"TIGER/Line® dataset from the US Census Bureau"
"Bentonville, AR",AR,US,300,435,600,36.347107,-94.223419,1,place,,,,,Bentonville,AR,"Benton County",72712,US,"TIGER/Line® dataset from the US Census Bureau"
"Berkeley, CA",CA,US,200,560,"1,000",37.860576,-122.29673,1,place,,,,,Berkeley,CA,"Alameda County",94701,US,"TIGER/Line® dataset from the US Census Bureau"
"Bethel, AK",AK,US,40,70,100,60.79222,-161.75583,1,place,,,,,Bethel,AK,"Bethel Census Area",99559,US,"TIGER/Line® dataset from the US Census Bureau"
"Bethlehem, CT",CT,US,2,2,2,41.6409,-73.209685,1,place,,,,,Bethlehem,CT,"Litchfield County",06751,US,"TIGER/Line® dataset from the US Census Bureau"
"Bethlehem, PA",PA,US,500,518,540,40.58883,-75.351958,1,place,,,,,Bethlehem,PA,"Northampton County",18015,US,"TIGER/Line® dataset from the US Census Bureau"
"Bettendorf, IA",IA,US,300,525,800,41.52448,-90.51569,1,place,,,,,Bettendorf,IA,"Scott County",52722,US,"TIGER/Line® dataset from the US Census Bureau"
"Beverly Hills, CA",CA,US,250,275,300,33.786594,-118.298662,1,place,,,,,"Beverly Hills",CA,"Los Angeles County",90209,US,"TIGER/Line® dataset from the US Census Bureau"
"Binghamton, NY",NY,US,"2,000",2450,"3,000",40.68863,-74.018244,1,place,,,,,"New York",NY,"New York County",10004,US,"TIGER/Line® dataset from the US Census Bureau"
"Birmingham, AL",AL,US,"5,000",7250,"10,000",33.456412,-86.801904,1,place,,,,,Birmingham,AL,"Jefferson County",35201,US,"TIGER/Line® dataset from the US Census Bureau"
"Bishop, CA",CA,US,600,600,600,37.491769,-118.389367,1,place,,,,,Bishop,CA,"Inyo County",93514,US,"TIGER/Line® dataset from the US Census Bureau"
"Bismarck, ND",ND,US,500,500,500,46.816035,-100.700296,1,place,,,,,Bismarck,ND,"Burleigh County",58501,US,"TIGER/Line® dataset from the US Census Bureau"
"Black Mountain, NC",NC,US,250,317.5,400,35.6179,-82.32123,1,place,,,,,"Black Mountain",NC,"Buncombe County",28711,US,"TIGER/Line® dataset from the US Census Bureau"
"Block Island, RI",RI,US,60,70,80,41.188888,-71.577696,1,place,,,,,"Block Island",RI,"Washington County",02807,US,"TIGER/Line® dataset from the US Census Bureau"
"Bloomsburg, PA",PA,US,40,50,60,41.005609,-76.430563,1,place,,,,,Bloomsburg,PA,"Columbia County",17815,US,"TIGER/Line® dataset from the US Census Bureau"
"Bluff, UT",UT,US,48,48,48,37.29134,-109.5698,1,place,,,,,Bluff,UT,"San Juan County",84512,US,"TIGER/Line® dataset from the US Census Bureau"
"Boise, ID",ID,US,"5,000",5000,5000,43.603768,-116.272921,1,place,,,,,Boise,ID,"Ada County",83701,US,"TIGER/Line® dataset from the US Census Bureau"
"Borrego Springs, CA",CA,US,140,145,150,33.23943,-116.35607,1,place,,,,,"Borrego Springs",CA,"San Diego County",92004,US,"TIGER/Line® dataset from the US Census Bureau"
"Boston, MA",MA,US,"1,75,000",175000,"1,75,000",42.370567,-71.026964,1,place,,,,,Boston,MA,"Suffolk County",02101,US,"TIGER/Line® dataset from the US Census Bureau"
"Bozeman, MT",MT,US,13,13,13,45.82641,-110.898799,1,place,,,,,Bozeman,MT,"Gallatin County",59715,US,"TIGER/Line® dataset from the US Census Bureau"
"Breen, CO",CO,US,1,1,1,0,0,0,,,,,,,,,,,
"Bridgewater, MA",MA,US,12,12,12,41.973741,-70.976558,1,place,,,,,Bridgewater,MA,"Plymouth County",02324,US,"TIGER/Line® dataset from the US Census Bureau"
"Brighton, MI",MI,US,300,300,300,42.570452,-83.74763,1,place,,,,,Brighton,MI,"Livingston County",48114,US,"TIGER/Line® dataset from the US Census Bureau"
"Brattleboro, VT",VT,US,200,225,250,42.884281,-72.760753,1,place,,,,,Brattleboro,VT,"Windham County",05301,US,"TIGER/Line® dataset from the US Census Bureau"
"Brookings, OR",OR,US,250,275,300,42.05,-124.28333,1,place,,,,,Brookings,OR,"Curry County",97415,US,"TIGER/Line® dataset from the US Census Bureau"
"Broomfield, CO",CO,US,100,150,200,39.930782,-105.074287,0.9,place,,,,,Broomfield,CO,"Adams County",80020,US,"TIGER/Line® dataset from the US Census Bureau"
"Brownsville, TX",TX,US,300,340.5,390,25.963264,-97.550453,1,place,,,,,Brownsville,TX,"Cameron County",78520,US,"TIGER/Line® dataset from the US Census Bureau"
"Brunswick, ME",ME,US,300,345,400,43.91172,-69.9405,1,place,,,,,Brunswick,ME,"Cumberland County",04011,US,"TIGER/Line® dataset from the US Census Bureau"
"Buffalo, NY",NY,US,"2,500",2725,"3,000",40.68863,-74.018244,1,place,,,,,"New York",NY,"New York County",10004,US,"TIGER/Line® dataset from the US Census Bureau"
"Burbank, CA",CA,US,300,300,300,34.200993,-118.292773,1,place,,,,,Burbank,CA,"Los Angeles County",91501,US,"TIGER/Line® dataset from the US Census Bureau"
"Burns, OR",OR,US,20,20,20,43.554287,-118.874273,1,place,,,,,Burns,OR,"Harney County",97720,US,"TIGER/Line® dataset from the US Census Bureau"
"Burnsville, NC",NC,US,80,80,80,35.835649,-82.268193,1,place,,,,,Burnsville,NC,"Yancey County",28714,US,"TIGER/Line® dataset from the US Census Bureau"
Cambridge,MN,US,22,22,22,45.602457,-93.263457,1,place,,,,,Cambridge,MN,"Isanti County",55008,US,"TIGER/Line® dataset from the US Census Bureau"
"Canton, NY",NY,US,135,217.5,300,40.68863,-74.018244,1,place,,,,,"New York",NY,"New York County",10004,US,"TIGER/Line® dataset from the US Census Bureau"
"Cape Henlopen, DE",DE,US,250,250,250,38.729834,-75.086292,0.8,place,,,,,"Henlopen Acres",DE,"Sussex County",19971,US,"TIGER/Line® dataset from the US Census Bureau"
"Carbondale, CO",CO,US,200,425,700,39.40221,-107.21116,1,place,,,,,Carbondale,CO,"Garfield County",81623,US,"TIGER/Line® dataset from the US Census Bureau"
"Carbondale, IL",IL,US,"1,000",1900,"3,000",37.739004,-89.209109,1,place,,,,,Carbondale,IL,"Jackson County",62901,US,"TIGER/Line® dataset from the US Census Bureau"
"Carmel, CA",CA,US,15,20,25,36.549729,-121.922515,1,place,,,,,Carmel,CA,"Monterey County",93921,US,"TIGER/Line® dataset from the US Census Bureau"
"Casper, WY",WY,US,700,835,"1,000",42.859875,-106.312561,1,place,,,,,Casper,WY,"Natrona County",82601,US,"TIGER/Line® dataset from the US Census Bureau"
"Cathlamet, WA",WA,US,2,2,2,46.214628,-123.334899,1,place,,,,,Cathlamet,WA,"Wahkiakum County",98612,US,"TIGER/Line® dataset from the US Census Bureau"
"Champaign, IL",IL,US,"5,000",5360,"5,800",40.10789,-88.244266,1,place,,,,,Champaign,IL,"Champaign County",61820,US,"TIGER/Line® dataset from the US Census Bureau"
"Charleston, SC",SC,US,"2,000",2000,"2,000",32.780326,-79.940844,1,place,,,,,Charleston,SC,"Charleston County",29401,US,"TIGER/Line® dataset from the US Census Bureau"
"Charleston, WV",WV,US,"2,000",2450,"3,000",38.350719,-81.630359,1,place,,,,,Charleston,WV,"Kanawha County",25301,US,"TIGER/Line® dataset from the US Census Bureau"
"Charlotte, NC",NC,US,"20,000",24500,"30,000",35.26002,-80.804151,1,place,,,,,Charlotte,NC,"Mecklenburg County",28201,US,"TIGER/Line® dataset from the US Census Bureau"
"Charlottesville, VA",VA,US,"2,000",2225,"2,500",38.026588,-78.48045,1,place,,,,,Charlottesville,VA,"Charlottesville city",22902,US,"TIGER/Line® dataset from the US Census Bureau"
"Chattanooga, TN",TN,US,"1,000",1900,"3,000",35.017818,-85.206426,1,place,,,,,Chattanooga,TN,"Hamilton County",37401,US,"TIGER/Line® dataset from the US Census Bureau"
"Chelan, WA",WA,US,400,431.5,470,47.876985,-120.07775,1,place,,,,,Chelan,WA,"Chelan County",98816,US,"TIGER/Line® dataset from the US Census Bureau"
"Chesapeake Bay, MD",MD,US,1,1,1,0,0,0,,,,,,,,,,,
"Cheyenne, WY",WY,US,"1,200",1560,"2,000",41.092356,-104.936269,1,place,,,,,Cheyenne,WY,"Laramie County",82001,US,"TIGER/Line® dataset from the US Census Bureau"
"Chicago, IL",IL,US,"2,50,000",250000,"2,50,000",41.88531,-87.62213,1,place,,,,,Chicago,IL,"Cook County",60601,US,"TIGER/Line® dataset from the US Census Bureau"
"Chico, CA",CA,US,"1,000",1900,"3,000",39.746159,-121.840083,1,place,,,,,Chico,CA,"Butte County",95926,US,"TIGER/Line® dataset from the US Census Bureau"
"Chillicothe, OH",OH,US,"1,000",1000,"1,000",39.337384,-82.991332,1,place,,,,,Chillicothe,OH,"Ross County",45601,US,"TIGER/Line® dataset from the US Census Bureau"
"Christiansted, St. Croix",VI,US,350,440,550,0,0,0,,,,,,,,,,,
"Cincinnati, OH",OH,US,"5,000",8150,"12,000",39.166759,-84.53822,1,place,,,,,Cincinnati,OH,"Hamilton County",45201,US,"TIGER/Line® dataset from the US Census Bureau"
"Clare, MI",MI,US,24,49.5,75,43.81947,-84.76863,1,place,,,,,Clare,MI,"Clare County",48617,US,"TIGER/Line® dataset from the US Census Bureau"
"Clarion, PA",PA,US,65,82.5,100,41.21479,-79.38532,1,place,,,,,Clarion,PA,"Clarion County",16214,US,"TIGER/Line® dataset from the US Census Bureau"
"Clemson, SC",SC,US,500,500,500,34.681567,-82.815832,1,place,,,,,Clemson,SC,"Pickens County",29631,US,"TIGER/Line® dataset from the US Census Bureau"
"Cleveland, OH",OH,US,"15,000",15000,"15,000",41.489381,-81.667486,1,place,,,,,Cleveland,OH,"Cuyahoga County",44101,US,"TIGER/Line® dataset from the US Census Bureau"
"Cobb, CA",CA,US,2,2,2,38.83559,-122.72294,1,place,,,,,Cobb,CA,"Lake County",95426,US,"TIGER/Line® dataset from the US Census Bureau"
"Cobleskill, NY",NY,US,350,350,350,40.68863,-74.018244,1,place,,,,,"New York",NY,"New York County",10004,US,"TIGER/Line® dataset from the US Census Bureau"
"Cody, WY",WY,US,400,445,500,44.52634,-109.05653,1,place,,,,,Cody,WY,"Park County",82414,US,"TIGER/Line® dataset from the US Census Bureau"
"College Station, TX",TX,US,50,50,50,30.609093,-96.325984,1,place,,,,,"College Station",TX,"Brazos County",77840,US,"TIGER/Line® dataset from the US Census Bureau"
"Colorado Springs, CO",CO,US,"7,000",7000,"7,000",38.828893,-104.809929,1,place,,,,,"Colorado Springs",CO,"El Paso County",80903,US,"TIGER/Line® dataset from the US Census Bureau"
"Columbia, MD",MD,US,100,112.5,125,39.206132,-76.887905,1,place,,,,,Columbia,MD,"Howard County",21044,US,"TIGER/Line® dataset from the US Census Bureau"
"Columbia, MO",MO,US,"2,000",2721.8,"3,604",38.894165,-92.274145,1,place,,,,,Columbia,MO,"Boone County",65201,US,"TIGER/Line® dataset from the US Census Bureau"
"Columbia, SC",SC,US,"2,000",2450,"3,000",33.987454,-81.024864,1,place,,,,,Columbia,SC,"Richland County",29201,US,"TIGER/Line® dataset from the US Census Bureau"
"Columbus, OH",OH,US,"2,000","2,450","3,000",40.100924,-83.013402,1,place,,,,,Columbus,OH,"Franklin County",43085,US,"TIGER/Line® dataset from the US Census Bureau"
"Columbus, OH",OH,US,200,200,200,40.100924,-83.013402,1,place,,,,,Columbus,OH,"Franklin County",43085,US,"TIGER/Line® dataset from the US Census Bureau"
"Compton, CA",CA,US,35,40,45,33.874815,-118.240208,1,place,,,,,Compton,CA,"Los Angeles County",90220,US,"TIGER/Line® dataset from the US Census Bureau"
"Concord, NH",NH,US,"4,000",4900,"6,000",43.230314,-71.536101,1,place,,,,,Concord,NH,"Merrimack County",03301,US,"TIGER/Line® dataset from the US Census Bureau"
"Conover, WI",WI,US,1,1,1,46.072385,-89.260939,1,place,,,,,Conover,WI,"Vilas County",54519,US,"TIGER/Line® dataset from the US Census Bureau"
"Cooperstown, NY",NY,US,200,200,200,40.68863,-74.018244,1,place,,,,,"New York",NY,"New York County",10004,US,"TIGER/Line® dataset from the US Census Bureau"
"Coos Bay, OR",OR,US,200,200,200,43.215143,-124.198358,1,place,,,,,"Coos Bay",OR,"Coos County",97420,US,"TIGER/Line® dataset from the US Census Bureau"
"Copper Harbor, MI",MI,US,19,28,36,47.46694,-87.875,1,place,,,,,"Copper Harbor",MI,"Keweenaw County",49918,US,"TIGER/Line® dataset from the US Census Bureau"
"Cordova, AK",AK,US,108,111,114,60.536166,-145.75335,1,place,,,,,Cordova,AK,"Valdez-Cordova Census Area",99574,US,"TIGER/Line® dataset from the US Census Bureau"
"Corpus Christi, TX",TX,US,24,24,24,27.797802,-97.399067,1,place,,,,,"Corpus Christi",TX,"Nueces County",78401,US,"TIGER/Line® dataset from the US Census Bureau"
"Cortez, CO",CO,US,400,447,504,37.373594,-108.662826,1,place,,,,,Cortez,CO,"Montezuma County",81321,US,"TIGER/Line® dataset from the US Census Bureau"
"Corvallis, OR",OR,US,100,100,100,44.639931,-123.275969,1,place,,,,,Corvallis,OR,"Benton County",97330,US,"TIGER/Line® dataset from the US Census Bureau"
"Craftsbury, VT",VT,US,15,15,15,44.641663,-72.388928,1,place,,,,,Craftsbury,VT,"Orleans County",05826,US,"TIGER/Line® dataset from the US Census Bureau"
"Crested Butte, CO",CO,US,350,418,500,38.880713,-106.94868,1,place,,,,,"Crested Butte",CO,"Gunnison County",81224,US,"TIGER/Line® dataset from the US Census Bureau"
"Crestone, CO",CO,US,1,1,1,37.953038,-105.68788,1,place,,,,,Crestone,CO,"Saguache County",81131,US,"TIGER/Line® dataset from the US Census Bureau"
"Cruz Bay, St. John",VI,US,200,200,200,18.32816,-64.740737,1,place,,,,,"Saint John",VI,"St. John Island",00830,US,"TIGER/Line® dataset from the US Census Bureau"
"Crystal River, FL",FL,US,7,7,7,28.867027,-82.572703,1,place,,,,,"Crystal River",FL,"Citrus County",34423,US,"TIGER/Line® dataset from the US Census Bureau"
"Dallas, TX",TX,US,"5,000","6,350","8,000",32.781179,-96.790329,1,place,,,,,Dallas,TX,"Dallas County",75201,US,"TIGER/Line® dataset from the US Census Bureau"
"Davis, WV",WV,US,12,12,12,39.130056,-79.468329,1,place,,,,,Davis,WV,"Tucker County",26260,US,"TIGER/Line® dataset from the US Census Bureau"
"Dayton, OH",OH,US,"3,000",3000,"3,000",39.750471,-84.268593,1,place,,,,,Dayton,OH,"Montgomery County",45401,US,"TIGER/Line® dataset from the US Census Bureau"
"Daytona Beach, FL",FL,US,300,300,300,29.194,-81.047652,1,place,,,,,"Daytona Beach",FL,"Volusia County",32114,US,"TIGER/Line® dataset from the US Census Bureau"
"Decorah, IA",IA,US,800,890,"1,000",43.294252,-91.789582,1,place,,,,,Decorah,IA,"Winneshiek County",52101,US,"TIGER/Line® dataset from the US Census Bureau"
"Delaware, OH",OH,US,127,128.5,130,40.289886,-82.981095,1,place,,,,,Delaware,OH,"Delaware County",43015,US,"TIGER/Line® dataset from the US Census Bureau"
"Delhi, NY",NY,US,50,85,120,40.68863,-74.018244,1,place,,,,,"New York",NY,"New York County",10004,US,"TIGER/Line® dataset from the US Census Bureau"
"Deming, NM",NM,US,45,47.5,50,32.079682,-107.683073,1,place,,,,,Deming,NM,"Luna County",88030,US,"TIGER/Line® dataset from the US Census Bureau"
"Denton, TX",TX,US,"2,500",2635,"2,800",33.220974,-97.146038,1,place,,,,,Denton,TX,"Denton County",76201,US,"TIGER/Line® dataset from the US Census Bureau"
"Denver, CO",CO,US,"1,00,000",145000,"2,00,000",39.760189,-104.996553,1,place,,,,,Denver,CO,"Denver County",80202,US,"TIGER/Line® dataset from the US Census Bureau"
"Des Moines, IA",IA,US,"26,000",26000,"26,000",41.672687,-93.572173,1,place,,,,,"Des Moines",IA,"Polk County",50301,US,"TIGER/Line® dataset from the US Census Bureau"
"Detroit, MI",MI,US,"4,000",4000,"4,000",42.347021,-83.060184,1,place,,,,,Detroit,MI,"Wayne County",48201,US,"TIGER/Line® dataset from the US Census Bureau"
"Douglas-Saugatuck, MI",MI,US,"1,200",1785,"2,500",42.645611,-86.165451,1,place,,,,,Saugatuck,MI,"Allegan County",49453,US,"TIGER/Line® dataset from the US Census Bureau"
"Doylestown, PA",PA,US,"1,000",1450,"2,000",40.31011,-75.12989,1,place,,,,,Doylestown,PA,"Bucks County",18901,US,"TIGER/Line® dataset from the US Census Bureau"
"Driggs, ID",ID,US,"1,000",1000,"1,000",43.713752,-111.158402,1,place,,,,,Driggs,ID,"Teton County",83422,US,"TIGER/Line® dataset from the US Census Bureau"
"Dubuque, IA",IA,US,400,400,400,42.545412,-90.6963,1,place,,,,,Dubuque,IA,"Dubuque County",52001,US,"TIGER/Line® dataset from the US Census Bureau"
"Duluth, MN",MN,US,"1,500",1590,"1,700",47.005566,-92.001934,1,place,,,,,Duluth,MN,"St. Louis County",55801,US,"TIGER/Line® dataset from the US Census Bureau"
"Durango, CO",CO,US,200,560,"1,000",37.318364,-107.880367,1,place,,,,,Durango,CO,"La Plata County",81301,US,"TIGER/Line® dataset from the US Census Bureau"
"Eagle Pass, TX",TX,US,30,30,30,28.781057,-100.312766,1,place,,,,,"Eagle Pass",TX,"Maverick County",78852,US,"TIGER/Line® dataset from the US Census Bureau"
"East Haddam, CT",CT,US,500,500,500,41.475478,-72.389729,1,place,,,,,"East Haddam",CT,"Middlesex County",06423,US,"TIGER/Line® dataset from the US Census Bureau"
"East Liberty, PA",PA,US,"2,000",2000,"2,000",41.583782,-77.138826,1,place,,,,,Liberty,PA,"Tioga County",16930,US,"TIGER/Line® dataset from the US Census Bureau"
"East Millinocket, ME",ME,US,4,4,4,45.62555,-68.57388,1,place,,,,,"East Millinocket",ME,"Penobscot County",04430,US,"TIGER/Line® dataset from the US Census Bureau"
"Eastport, ME",ME,US,111,111,111,44.91667,-67,1,place,,,,,Eastport,ME,"Washington County",04631,US,"TIGER/Line® dataset from the US Census Bureau"
"Eastsound, WA",WA,US,250,250,250,48.659128,-122.867603,1,place,,,,,Eastsound,WA,"San Juan County",98245,US,"TIGER/Line® dataset from the US Census Bureau"
"Eau Claire, WI",WI,US,250,250,250,44.75653,-91.473097,1,place,,,,,"Eau Claire",WI,"Eau Claire County",54701,US,"TIGER/Line® dataset from the US Census Bureau"
"El Centro, CA",CA,US,100,100,100,32.770275,-115.598602,1,place,,,,,"El Centro",CA,"Imperial County",92243,US,"TIGER/Line® dataset from the US Census Bureau"
"El Morro, NM",NM,US,30,30,30,0,0,0,,,,,,,,,,,
"El Paso, TX",TX,US,"1,000",1450,"2,000",31.763608,-106.484592,1,place,,,,,"El Paso",TX,"El Paso County",79901,US,"TIGER/Line® dataset from the US Census Bureau"
"Elgin, IL",IL,US,200,560,"1,000",42.034492,-88.238396,1,place,,,,,Elgin,IL,"Kane County",60120,US,"TIGER/Line® dataset from the US Census Bureau"
"Ellensburg, WA",WA,US,200,237.5,275,47.028084,-120.48998,1,place,,,,,Ellensburg,WA,"Kittitas County",98926,US,"TIGER/Line® dataset from the US Census Bureau"
"Ellsworth, ME",ME,US,60,60,60,44.477935,-68.356311,1,place,,,,,Ellsworth,ME,"Hancock County",04605,US,"TIGER/Line® dataset from the US Census Bureau"
"Ely, MN",MN,US,50,50,50,47.918943,-92.020778,1,place,,,,,Ely,MN,"St. Louis County",55731,US,"TIGER/Line® dataset from the US Census Bureau"
"Encinitas, CA (Seacrest)",CA,US,50,50,50,33.016928,-116.846046,1,place,,,,,Encinitas,CA,"San Diego County",92023,US,"TIGER/Line® dataset from the US Census Bureau"
"Ephrata, WA",WA,US,250,250,250,47.31764,-119.55365,1,place,,,,,Ephrata,WA,"Grant County",98823,US,"TIGER/Line® dataset from the US Census Bureau"
"Erie, PA",PA,US,"2,500",3175,"4,000",42.121293,-80.088919,1,place,,,,,Erie,PA,"Erie County",16501,US,"TIGER/Line® dataset from the US Census Bureau"
"Esperanza, PR",PR,US,300,322.5,350,18.097187,-65.470714,0.9,place,,,,,Esperanza,PR,"Vieques Municipio",00765,US,"TIGER/Line® dataset from the US Census Bureau"
"Eugene, OR",OR,US,"7,000",8350,"10,000",44.067988,-123.080181,1,place,,,,,Eugene,OR,"Lane County",97401,US,"TIGER/Line® dataset from the US Census Bureau"
"Eureka, CA",CA,US,"5,000",6350,"8,000",40.798802,-124.15192,1,place,,,,,Eureka,CA,"Humboldt County",95501,US,"TIGER/Line® dataset from the US Census Bureau"
"Evanston, WY",WY,US,1,1,1,41.015672,-110.644785,1,place,,,,,Evanston,WY,"Uinta County",82930,US,"TIGER/Line® dataset from the US Census Bureau"
"Fairbanks, AK",AK,US,"2,000",2000,"2,000",67.094545,-149.336012,1,place,,,,,Fairbanks,AK,"Fairbanks North Star Borough",99701,US,"TIGER/Line® dataset from the US Census Bureau"
"Fairfax, CA",CA,US,25,238.75,500,37.981723,-122.607791,1,place,,,,,Fairfax,CA,"Marin County",94930,US,"TIGER/Line® dataset from the US Census Bureau"
"Fairfield, IA",IA,US,200,200,200,41.030998,-91.957527,1,place,,,,,Fairfield,IA,"Jefferson County",52556,US,"TIGER/Line® dataset from the US Census Bureau"
"Fairmont, WV",WV,US,95,95,95,39.494115,-80.221282,1,place,,,,,Fairmont,WV,"Marion County",26554,US,"TIGER/Line® dataset from the US Census Bureau"
"Falmouth, MA",MA,US,"1,000",1000,"1,000",41.57419,-70.628285,1,place,,,,,Falmouth,MA,"Barnstable County",02540,US,"TIGER/Line® dataset from the US Census Bureau"
"Fargo, ND",ND,US,"1,000",1900,"3,000",46.927094,-96.834703,1,place,,,,,Fargo,ND,"Cass County",58102,US,"TIGER/Line® dataset from the US Census Bureau"
"Fayetteville, AR",AR,US,"1,000",1000,"1,000",35.974602,-94.190997,1,place,,,,,Fayetteville,AR,"Washington County",72701,US,"TIGER/Line® dataset from the US Census Bureau"
"Fernandina Beach, FL",FL,US,"1,000",1135,"1,300",30.609692,-81.49172,1,place,,,,,"Fernandina Beach",FL,"Nassau County",32034,US,"TIGER/Line® dataset from the US Census Bureau"
"Flagstaff, AZ",AZ,US,"1,000",1450,"2,000",35.287661,-111.639303,1,place,,,,,Flagstaff,AZ,"Coconino County",86001,US,"TIGER/Line® dataset from the US Census Bureau"
"Florence, OR",OR,US,300,300,300,44.064723,-123.996747,1,place,,,,,Florence,OR,"Lane County",97439,US,"TIGER/Line® dataset from the US Census Bureau"
"Floyd, VA",VA,US,200,200,200,36.895714,-80.327524,1,place,,,,,Floyd,VA,"Floyd County",24091,US,"TIGER/Line® dataset from the US Census Bureau"
"Forks, WA",WA,US,45,45,45,47.95036,-124.38549,1,place,,,,,Forks,WA,"Clallam County",98331,US,"TIGER/Line® dataset from the US Census Bureau"
"Fort Atkinson, WI",WI,US,200,200,200,42.926467,-88.841626,1,place,,,,,"Fort Atkinson",WI,"Jefferson County",53538,US,"TIGER/Line® dataset from the US Census Bureau"
"Fort Bragg, CA",CA,US,"2,500",2635,"2,800",39.4,-123.81667,1,place,,,,,"Fort Bragg",CA,"Mendocino County",95437,US,"TIGER/Line® dataset from the US Census Bureau"
"Fort Collins, CO",CO,US,600,600,600,40.594597,-105.127416,1,place,,,,,"Fort Collins",CO,"Larimer County",80521,US,"TIGER/Line® dataset from the US Census Bureau"
"Fort Wayne, IN",IN,US,"1,000",1000,"1,000",41.093763,-85.070713,1,place,,,,,"Fort Wayne",IN,"Allen County",46801,US,"TIGER/Line® dataset from the US Census Bureau"
"Fort Worth, TX",TX,US,"5,000",5450,"6,000",32.771419,-97.291484,1,place,,,,,"Fort Worth",TX,"Tarrant County",76101,US,"TIGER/Line® dataset from the US Census Bureau"
"Francestown, NH",NH,US,134,134,134,42.98758,-71.81258,1,place,,,,,Francestown,NH,"Hillsborough County",03043,US,"TIGER/Line® dataset from the US Census Bureau"
"Frederick, MD",MD,US,"1,000",1000,"1,000",39.443551,-77.33294,1,place,,,,,Frederick,MD,"Frederick County",21701,US,"TIGER/Line® dataset from the US Census Bureau"
"Fredonia, NY",NY,US,70,95,120,40.68863,-74.018244,1,place,,,,,"New York",NY,"New York County",10004,US,"TIGER/Line® dataset from the US Census Bureau"
"Fresno, CA",CA,US,"2,000",2000,"2,000",36.8411,-119.801015,1,place,,,,,Fresno,CA,"Fresno County",93650,US,"TIGER/Line® dataset from the US Census Bureau"
"Friday Harbor, WA",WA,US,"1,500",1500,"1,500",48.538181,-123.068323,1,place,,,,,"Friday Harbor",WA,"San Juan County",98250,US,"TIGER/Line® dataset from the US Census Bureau"
"Gainesville, FL",FL,US,"1,500",1500,"1,500",29.648993,-82.324515,1,place,,,,,Gainesville,FL,"Alachua County",32601,US,"TIGER/Line® dataset from the US Census Bureau"
"Gainesville, FL",FL,US,500,500,500,29.648993,-82.324515,1,place,,,,,Gainesville,FL,"Alachua County",32601,US,"TIGER/Line® dataset from the US Census Bureau"
"Galesburg, IL",IL,US,200,335,500,40.944559,-90.385282,1,place,,,,,Galesburg,IL,"Knox County",61401,US,"TIGER/Line® dataset from the US Census Bureau"
"Gila, NM",NM,US,1,1,1,32.9659,-108.57672,1,place,,,,,Gila,NM,"Grant County",88038,US,"TIGER/Line® dataset from the US Census Bureau"
"Glens Falls, NY",NY,US,"1,000",1225,"1,500",40.68863,-74.018244,1,place,,,,,"New York",NY,"New York County",10004,US,"TIGER/Line® dataset from the US Census Bureau"
"Glenwood Springs, CO",CO,US,100,100,100,39.601448,-107.304314,1,place,,,,,"Glenwood Springs",CO,"Garfield County",81601,US,"TIGER/Line® dataset from the US Census Bureau"
"Gloucester, NJ",NJ,US,200,225,250,39.890413,-75.112619,0.67,place,,,,,"Gloucester City",NJ,"Camden County",08030,US,"TIGER/Line® dataset from the US Census Bureau"
"Gouldsboro, ME",ME,US,25,35,45,44.483471,-68.090339,1,place,,,,,Gouldsboro,ME,"Hancock County",04607,US,"TIGER/Line® dataset from the US Census Bureau"
"Grand Forks, ND",ND,US,304,304,304,47.866638,-97.141144,1,place,,,,,"Grand Forks",ND,"Grand Forks County",58201,US,"TIGER/Line® dataset from the US Census Bureau"
"Grand Junction, CO",CO,US,"4,500",4725,"5,000",39.069019,-108.583126,1,place,,,,,"Grand Junction",CO,"Mesa County",81501,US,"TIGER/Line® dataset from the US Census Bureau"
"Grand Marais, MN",MN,US,97,108.5,120,47.872285,-90.42294,1,place,,,,,"Grand Marais",MN,"Cook County",55604,US,"TIGER/Line® dataset from the US Census Bureau"
"Grand Rapids, MI",MI,US,"2,500",2725,"3,000",42.984226,-85.629101,1,place,,,,,"Grand Rapids",MI,"Kent County",49501,US,"TIGER/Line® dataset from the US Census Bureau"
"Grants Pass, OR",OR,US,1,1,1,42.535654,-123.338332,1,place,,,,,"Grants Pass",OR,"Josephine County",97526,US,"TIGER/Line® dataset from the US Census Bureau"
"Green Bay, WI",WI,US,200,200,200,44.480778,-88.016063,1,place,,,,,"Green Bay",WI,"Brown County",54301,US,"TIGER/Line® dataset from the US Census Bureau"
"Green Valley, AZ",AZ,US,350,451.25,575,31.838223,-110.955483,1,place,,,,,"Green Valley",AZ,"Pima County",85614,US,"TIGER/Line® dataset from the US Census Bureau"
"Greenfield, MA",MA,US,"2,000",2000,"2,000",42.601335,-72.623619,1,place,,,,,Greenfield,MA,"Franklin County",01301,US,"TIGER/Line® dataset from the US Census Bureau"
"Greensboro, NC",NC,US,"3,000",4350,"6,000",36.069144,-79.765156,1,place,,,,,Greensboro,NC,"Guilford County",27401,US,"TIGER/Line® dataset from the US Census Bureau"
"Greensburg, IN",IN,US,45,55,65,39.299802,-85.491781,1,place,,,,,Greensburg,IN,"Decatur County",47240,US,"TIGER/Line® dataset from the US Census Bureau"
"Greenville, SC",SC,US,"2,000",2000,"2,000",34.848567,-82.402871,1,place,,,,,Greenville,SC,"Greenville County",29601,US,"TIGER/Line® dataset from the US Census Bureau"
"Greenville, NC",NC,US,100,150,200,35.580444,-77.392609,1,place,,,,,Greenville,NC,"Pitt County",27833,US,"TIGER/Line® dataset from the US Census Bureau"
"Gross Pointe, MI",MI,US,"1,143",1213.65,"1,300",42.382395,-82.921842,1,place,,,,,"Grosse Pointe",MI,"Wayne County",48230,US,"TIGER/Line® dataset from the US Census Bureau"
"Gualala, CA",CA,US,203,251.5,300,38.836933,-123.527323,1,place,,,,,Gualala,CA,"Mendocino County",95445,US,"TIGER/Line® dataset from the US Census Bureau"
"Guilford, CT",CT,US,32,32,32,41.338847,-72.690089,1,place,,,,,Guilford,CT,"New Haven County",06437,US,"TIGER/Line® dataset from the US Census Bureau"
"Gulfport, MS",MS,US,300,484.05,709,30.382966,-89.102426,1,place,,,,,Gulfport,MS,"Harrison County",39501,US,"TIGER/Line® dataset from the US Census Bureau"
"Gustavus, AK",AK,US,105,105,105,58.41333,-135.73694,1,place,,,,,Gustavus,AK,,99826,US,"TIGER/Line® dataset from the US Census Bureau"
"Hagatna, Guam",GM,US,150,200,250,13.444257,144.786297,1,place,,,,,Hagatna,GU,Guam,96910,US,"TIGER/Line® dataset from the US Census Bureau"
"Haines, AK",AK,US,150,160,170,59.312688,-135.681153,1,place,,,,,Haines,AK,"Haines Borough",99827,US,"TIGER/Line® dataset from the US Census Bureau"
"Halfway, OR",OR,US,31,31,31,44.952248,-117.123753,1,place,,,,,Halfway,OR,"Baker County",97834,US,"TIGER/Line® dataset from the US Census Bureau"
"Hana, HI",HI,US,30,30,30,20.725172,-156.02293,1,place,,,,,Hana,HI,"Maui County",96713,US,"TIGER/Line® dataset from the US Census Bureau"
"Harrisburg, PA",PA,US,900,994.05,"1,109",40.258655,-76.894376,1,place,,,,,Harrisburg,PA,"Dauphin County",17101,US,"TIGER/Line® dataset from the US Census Bureau"
"Harrisville, MI",MI,US,5,5,5,44.656694,-83.41973,1,place,,,,,Harrisville,MI,"Alcona County",48740,US,"TIGER/Line® dataset from the US Census Bureau"
"Hartford, CT",CT,US,"10,000",10000,"10,000",41.78007,-72.677099,1,place,,,,,Hartford,CT,"Hartford County",06101,US,"TIGER/Line® dataset from the US Census Bureau"
"Harwich, MA",MA,US,200,200,200,41.68622,-70.07585,1,place,,,,,Harwich,MA,"Barnstable County",02645,US,"TIGER/Line® dataset from the US Census Bureau"
"Helena, AR",AR,US,2,2,2,34.52955,-90.59177,1,place,,,,,Helena,AR,"Phillips County",72342,US,"TIGER/Line® dataset from the US Census Bureau"
"Helena, MT",MT,US,"10,000",10000,"10,000",46.527398,-112.21037,1,place,,,,,Helena,MT,"Lewis and Clark County",59601,US,"TIGER/Line® dataset from the US Census Bureau"
"Hemet, CA",CA,US,98,98,98,33.667301,-116.963506,1,place,,,,,Hemet,CA,"Riverside County",92543,US,"TIGER/Line® dataset from the US Census Bureau"
"Hilldale, UT",UT,US,1,1,1,37.004364,-112.978418,0.67,place,,,,,Hildale,UT,"Washington County",84784,US,"TIGER/Line® dataset from the US Census Bureau"
"Hillsborough, NC",NC,US,200,1010,"2,000",36.077432,-79.085469,1,place,,,,,Hillsborough,NC,"Orange County",27278,US,"TIGER/Line® dataset from the US Census Bureau"
"Hilo, HI",HI,US,"1,500",1815,"2,200",19.564519,-155.26203,1,place,,,,,Hilo,HI,"Hawaii County",96720,US,"TIGER/Line® dataset from the US Census Bureau"
"Holden Village, WA",WA,US,47,49.5,52,0,0,0,,,,,,,,,,,
"Homer, AK",AK,US,900,900,900,59.6425,-151.54833,1,place,,,,,Homer,AK,"Kenai Peninsula Borough",99603,US,"TIGER/Line® dataset from the US Census Bureau"
"Honolulu (Oahu) HI",HI,US,"3,000",5250,"8,000",24.859832,-168.021815,1,place,,,,,Honolulu,HI,"Honolulu County",96801,US,"TIGER/Line® dataset from the US Census Bureau"
"Hood River, OR",OR,US,200,200,200,45.7054,-121.52146,1,place,,,,,"Hood River",OR,"Hood River County",97031,US,"TIGER/Line® dataset from the US Census Bureau"
"Hospital Ward",CA,US,5,5,5,0,0,0,,,,,,,,,,,
"Houghton, MI",MI,US,500,500,500,47.105336,-88.548157,1,place,,,,,Houghton,MI,"Houghton County",49931,US,"TIGER/Line® dataset from the US Census Bureau"
"Houlton, ME",ME,US,45,47.5,50,46.121345,-67.833009,1,place,,,,,Houlton,ME,"Aroostook County",04730,US,"TIGER/Line® dataset from the US Census Bureau"
"Houston, TX",TX,US,"20,000",21434.15,"23,187",29.813142,-95.309789,1,place,,,,,Houston,TX,"Harris County",77001,US,"TIGER/Line® dataset from the US Census Bureau"
"Howard County, MD",MD,US,100,112.5,125,0,0,0,,,,,,,,,,,
"Hudson, NY",NY,US,"2,000",2450,"3,000",40.726968,-74.007541,0.6,street_center,,"Hudson St",,,"New York",NY,"New York County",10013,US,"TIGER/Line® dataset from the US Census Bureau"
"Huntsville, AL",AL,US,80,95,110,34.718428,-86.556439,1,place,,,,,Huntsville,AL,"Madison County",35801,US,"TIGER/Line® dataset from the US Census Bureau"
"Huron, SD",SD,US,11,12,13,44.398874,-98.180113,1,place,,,,,Huron,SD,"Beadle County",57350,US,"TIGER/Line® dataset from the US Census Bureau"
"Idaho Falls, ID",ID,US,500,500,500,43.54241,-111.877936,1,place,,,,,"Idaho Falls",ID,"Bonneville County",83401,US,"TIGER/Line® dataset from the US Census Bureau"
"Indiana, PA",PA,US,100,150,200,40.621272,-79.080422,1,place,,,,,Indiana,PA,"Indiana County",15701,US,"TIGER/Line® dataset from the US Census Bureau"
"Indianapolis, IN",IN,US,"4,000",6700,"10,000",39.775092,-86.13216,1,place,,,,,Indianapolis,IN,"Marion County",46201,US,"TIGER/Line® dataset from the US Census Bureau"
"Inverness, CA",CA,US,5,5,5,38.112571,-122.887717,1,place,,,,,Inverness,CA,"Marin County",94937,US,"TIGER/Line® dataset from the US Census Bureau"
"Iowa City, IA",IA,US,"1,000",1000,"1,000",41.634209,-91.49905,1,place,,,,,"Iowa City",IA,"Johnson County",52240,US,"TIGER/Line® dataset from the US Census Bureau"
"Isla Vista, CA",CA,US,500,500,500,34.413329,-119.860972,0.8,place,,,,,"Isla Vista",CA,"Santa Barbara County",93117,US,"TIGER/Line® dataset from the US Census Bureau"
"Issaquah, WA",WA,US,56,56,56,47.497419,-122.010699,1,place,,,,,Issaquah,WA,"King County",98027,US,"TIGER/Line® dataset from the US Census Bureau"
"Ithaca, NY",NY,US,"8,000",8900,"10,000",40.68863,-74.018244,1,place,,,,,"New York",NY,"New York County",10004,US,"TIGER/Line® dataset from the US Census Bureau"
"Jackson, NH",NH,US,300,300,300,44.14423,-71.18091,1,place,,,,,Jackson,NH,"Carroll County",03846,US,"TIGER/Line® dataset from the US Census Bureau"
"Jackson, MS",MS,US,750,2662.5,"5,000",32.289656,-90.184201,1,place,,,,,Jackson,MS,"Hinds County",39201,US,"TIGER/Line® dataset from the US Census Bureau"
"Jackson Hole, WY",WY,US,"1,000",1000,"1,000",43.452793,-110.739266,1,place,,,,,Jackson,WY,"Teton County",83001,US,"TIGER/Line® dataset from the US Census Bureau"
"Jacksonville, FL",FL,US,"2,000",2450,"3,000",30.337538,-81.768622,1,place,,,,,Jacksonville,FL,"Duval County",32099,US,"TIGER/Line® dataset from the US Census Bureau"
"Jefferson City, MO",MO,US,6,6.5,7,38.494029,-92.165194,1,place,,,,,"Jefferson City",MO,"Cole County",65101,US,"TIGER/Line® dataset from the US Census Bureau"
"Jerome, AZ",AZ,US,85,92.5,100,34.748589,-112.108626,1,place,,,,,Jerome,AZ,"Yavapai County",86331,US,"TIGER/Line® dataset from the US Census Bureau"
"Jonesborough, TN",TN,US,"1,000",1000,"1,000",36.289189,-82.489065,1,place,,,,,Jonesborough,TN,"Washington County",37659,US,"TIGER/Line® dataset from the US Census Bureau"
"Joseph, OR",OR,US,310,310,310,45.406071,-117.073337,1,place,,,,,Joseph,OR,"Wallowa County",97846,US,"TIGER/Line® dataset from the US Census Bureau"
"June Lake, CA",CA,US,21,21,21,37.78854,-119.07459,1,place,,,,,"June Lake",CA,"Mono County",93529,US,"TIGER/Line® dataset from the US Census Bureau"
"Juneau, AK",AK,US,"1,000",1000,"1,000",58.373561,-134.523946,1,place,,,,,Juneau,AK,"Juneau City and Borough",99801,US,"TIGER/Line® dataset from the US Census Bureau"
"Kahului, Maui, HI",HI,US,"1,500",3075,"5,000",20.883783,-156.462641,1,place,,,,,Kahului,HI,"Maui County",96732,US,"TIGER/Line® dataset from the US Census Bureau"
"Kalamazoo, MI",MI,US,"1,000",1450,"2,000",42.264543,-85.561545,1,place,,,,,Kalamazoo,MI,"Kalamazoo County",49001,US,"TIGER/Line® dataset from the US Census Bureau"
"Kanab, UT",UT,US,175,175,175,37.04749,-112.52631,1,place,,,,,Kanab,UT,"Kane County",84741,US,"TIGER/Line® dataset from the US Census Bureau"
"Kansas City, MO",MO,US,"5,000",7250,"10,000",39.102404,-94.598583,1,place,,,,,"Kansas City",MO,"Jackson County",64101,US,"TIGER/Line® dataset from the US Census Bureau"
"Kaunakakai (Molokai)",HI,US,200,200,200,21.092266,-157.012533,1,place,,,,,Kaunakakai,HI,"Maui County",96748,US,"TIGER/Line® dataset from the US Census Bureau"
"Kawaihae, HI",HI,US,50,50,50,22.103611,-159.349444,0.8,place,,,,,Kawaihau,HI,"Kauai County",96746,US,"TIGER/Line® dataset from the US Census Bureau"
"Keene, NH",NH,US,245,404.75,600,42.965044,-72.294803,1,place,,,,,Keene,NH,"Cheshire County",03431,US,"TIGER/Line® dataset from the US Census Bureau"
"Kennebunk, ME",ME,US,"1,000",1000,"1,000",43.38409,-70.54419,1,place,,,,,Kennebunk,ME,"York County",04043,US,"TIGER/Line® dataset from the US Census Bureau"
"Kent, CT",CT,US,180,190,200,41.774725,-73.401908,1,place,,,,,Kent,CT,"Litchfield County",06757,US,"TIGER/Line® dataset from the US Census Bureau"
"Kent, OH",OH,US,100,100,100,41.132323,-81.332781,1,place,,,,,Kent,OH,"Portage County",44240,US,"TIGER/Line® dataset from the US Census Bureau"
"Ketchikan, AK",AK,US,150,175,200,55.400674,-131.67409,1,place,,,,,Ketchikan,AK,"Ketchikan Gateway Borough",99901,US,"TIGER/Line® dataset from the US Census Bureau"
"Ketchum, ID",ID,US,"1,000",1067.5,"1,150",43.669159,-114.485781,1,place,,,,,Ketchum,ID,"Blaine County",83340,US,"TIGER/Line® dataset from the US Census Bureau"
"Key West, FL",FL,US,"3,000",3225,"3,500",24.557053,-81.780989,1,place,,,,,"Key West",FL,"Monroe County",33040,US,"TIGER/Line® dataset from the US Census Bureau"
"Killington, VT",VT,US,51,81.5,112,43.656951,-72.782713,1,place,,,,,Killington,VT,"Rutland County",05751,US,"TIGER/Line® dataset from the US Census Bureau"
"King's Beach, CA",CA,US,500,635,800,39.24886,-120.0202,1,place,,,,,"Kings Beach",CA,"Placer County",96143,US,"TIGER/Line® dataset from the US Census Bureau"
"Kingston, WA",WA,US,60,60,60,47.834483,-122.547078,1,place,,,,,Kingston,WA,"Kitsap County",98346,US,"TIGER/Line® dataset from the US Census Bureau"
"Klamath Falls, Oregon",OR,US,200,250,300,42.293293,-121.816873,1,place,,,,,"Klamath Falls",OR,"Klamath County",97601,US,"TIGER/Line® dataset from the US Census Bureau"
"Knoxville, TN",TN,US,"2,000",3350,"5,000",36.032334,-83.884804,1,place,,,,,Knoxville,TN,"Knox County",37901,US,"TIGER/Line® dataset from the US Census Bureau"
"Kodiak, AK",AK,US,335,364.25,400,57.613209,-153.403556,1,place,,,,,Kodiak,AK,"Kodiak Island Borough",99615,US,"TIGER/Line® dataset from the US Census Bureau"
"Kona, HI",HI,US,"3,000",3225,"3,500",21.463,-158.06385,0.67,place,,,,,Kunia,HI,"Honolulu County",96759,US,"TIGER/Line® dataset from the US Census Bureau"
"Kotzebue, AK",AK,US,35,35.5,36,66.865256,-161.780844,1,place,,,,,Kotzebue,AK,"Northwest Arctic Borough",99752,US,"TIGER/Line® dataset from the US Census Bureau"
"La Crosse, WI",WI,US,76,113,150,43.806197,-91.140529,1,place,,,,,"La Crosse",WI,"La Crosse County",54601,US,"TIGER/Line® dataset from the US Census Bureau"
"La Grande, OR",OR,US,104,177,250,45.29535,-118.164822,1,place,,,,,"La Grande",OR,"Union County",97850,US,"TIGER/Line® dataset from the US Census Bureau"
"Lafayette, CO",CO,US,66,89,112,40.026334,-105.104899,1,place,,,,,Lafayette,CO,"Boulder County",80026,US,"TIGER/Line® dataset from the US Census Bureau"
"Lafayette, IN",IN,US,800,890,"1,000",40.417778,-86.889633,1,place,,,,,Lafayette,IN,"Tippecanoe County",47901,US,"TIGER/Line® dataset from the US Census Bureau"
"Laguna Beach, CA",CA,US,"3,500",3725,"4,000",33.520941,-117.741315,1,place,,,,,"Laguna Beach",CA,"Orange County",92651,US,"TIGER/Line® dataset from the US Census Bureau"
"Lake Havasu City, AZ",AZ,US,30,35,40,34.48025,-114.348519,1,place,,,,,"Lake Havasu City",AZ,"Mohave County",86403,US,"TIGER/Line® dataset from the US Census Bureau"
"Lakeside, OH",OH,US,300,300,300,39.922008,-82.517658,0.8,place,,,,,Lakeside,OH,"Fairfield County",43046,US,"TIGER/Line® dataset from the US Census Bureau"
"Lakeville, CT",CT,US,85,92.5,100,41.96454,-73.44012,1,place,,,,,Lakeville,CT,"Litchfield County",06039,US,"TIGER/Line® dataset from the US Census Bureau"
"Lamoni, IA",IA,US,18,24,30,40.618769,-93.927187,1,place,,,,,Lamoni,IA,"Decatur County",50140,US,"TIGER/Line® dataset from the US Census Bureau"
"Lancaster, NH",NH,US,400,400,400,44.476575,-71.561225,1,place,,,,,Lancaster,NH,"Coos County",03584,US,"TIGER/Line® dataset from the US Census Bureau"
"Lancaster, PA",PA,US,200,1010,"2,000",40.076553,-76.31068,1,place,,,,,Lancaster,PA,"Lancaster County",17601,US,"TIGER/Line® dataset from the US Census Bureau"
"Lander, WY",WY,US,350,417.5,500,42.920832,-108.591264,1,place,,,,,Lander,WY,"Fremont County",82520,US,"TIGER/Line® dataset from the US Census Bureau"
"Langley, WA",WA,US,"1,200",1245,"1,300",48.031815,-122.458831,1,place,,,,,Langley,WA,"Island County",98260,US,"TIGER/Line® dataset from the US Census Bureau"
"Lansdale, PA",PA,US,3,3,3,40.224245,-75.29156,1,place,,,,,Lansdale,PA,"Montgomery County",19446,US,"TIGER/Line® dataset from the US Census Bureau"
"Lansing, MI",MI,US,"8,000",17900,"30,000",42.599184,-84.371973,1,place,,,,,Lansing,MI,"Ingham County",48901,US,"TIGER/Line® dataset from the US Census Bureau"
"Las Cruces, NM",NM,US,200,785,"1,500",32.290052,-106.753893,1,place,,,,,"Las Cruces",NM,"Doña Ana County",88001,US,"TIGER/Line® dataset from the US Census Bureau"
"Las Vegas, NV",NV,US,"4,000",8950,"15,000",36.17372,-115.10647,1,place,,,,,"Las Vegas",NV,"Clark County",89101,US,"TIGER/Line® dataset from the US Census Bureau"
"Las Vegas, NM",NM,US,50,50,50,35.551539,-104.985643,1,place,,,,,"Las Vegas",NM,"San Miguel County",87701,US,"TIGER/Line® dataset from the US Census Bureau"
"Leonia, NJ",NJ,US,100,190,280,40.863499,-73.987132,1,place,,,,,Leonia,NJ,"Bergen County",07605,US,"TIGER/Line® dataset from the US Census Bureau"
"Lexington, KY",KY,US,"5,000",7250,"10,000",38.037847,-84.61645,1,place,,,,,Lexington,KY,"Fayette County",40501,US,"TIGER/Line® dataset from the US Census Bureau"
"Lewes, DE",DE,US,250,250,250,38.77456,-75.13935,1,place,,,,,Lewes,DE,"Sussex County",19958,US,"TIGER/Line® dataset from the US Census Bureau"
"Lewis, NY",NY,US,147,227.1,325,40.713918,-73.979709,1,street_center,,"Lewis St",,,"New York",NY,"New York County",10002,US,"TIGER/Line® dataset from the US Census Bureau"
"Lewisburg, PA",PA,US,150,175,200,40.969642,-76.948072,1,place,,,,,Lewisburg,PA,"Union County",17837,US,"TIGER/Line® dataset from the US Census Bureau"
"Lihue (Kauai) HI",HI,US,"1,500",1500,"1,500",21.97583,-159.35479,1,place,,,,,Lihue,HI,"Kauai County",96766,US,"TIGER/Line® dataset from the US Census Bureau"
"Lilly, PA",PA,US,4,4,4,40.427588,-78.639257,1,place,,,,,Lilly,PA,"Cambria County",15938,US,"TIGER/Line® dataset from the US Census Bureau"
"Lincoln, NE",NE,US,"2,000",2900,"4,000",40.865142,-96.823133,1,place,,,,,Lincoln,NE,"Lancaster County",68501,US,"TIGER/Line® dataset from the US Census Bureau"
"Little Rock, AR",AR,US,"7,000",7000,"7,000",34.746905,-92.280049,1,place,,,,,"Little Rock",AR,"Pulaski County",72201,US,"TIGER/Line® dataset from the US Census Bureau"
"Logan, UT",UT,US,50,75,100,41.717722,-111.836493,1,place,,,,,Logan,UT,"Cache County",84321,US,"TIGER/Line® dataset from the US Census Bureau"
"Lompoc, CA",CA,US,100,100,100,34.629464,-120.336594,1,place,,,,,Lompoc,CA,"Santa Barbara County",93436,US,"TIGER/Line® dataset from the US Census Bureau"
"Longview, WA",WA,US,200,200,200,46.181872,-123.057597,1,place,,,,,Longview,WA,"Cowlitz County",98632,US,"TIGER/Line® dataset from the US Census Bureau"
"Longville, MN",MN,US,67,67,67,46.994097,-94.243551,1,place,,,,,Longville,MN,"Cass County",56655,US,"TIGER/Line® dataset from the US Census Bureau"
"Los Angeles, CA",CA,US,"2,00,000",447500,"7,50,000",33.973951,-118.248405,1,place,,,,,"Los Angeles",CA,"Los Angeles County",90001,US,"TIGER/Line® dataset from the US Census Bureau"
"Louisville, KY",KY,US,"5,000",5000,"5,000",38.188962,-85.676819,1,place,,,,,Louisville,KY,"Jefferson County",40201,US,"TIGER/Line® dataset from the US Census Bureau"
"Loup City, NE",NE,US,100,125,150,41.276435,-98.966954,1,place,,,,,"Loup City",NE,"Sherman County",68853,US,"TIGER/Line® dataset from the US Census Bureau"
"Lovell, ME",ME,US,2,2,2,44.139839,-70.886741,1,place,,,,,Lovell,ME,"Oxford County",04051,US,"TIGER/Line® dataset from the US Census Bureau"
Lovettsville,VA,US,5,5,5,39.220432,-77.659636,1,place,,,,,Lovettsville,VA,"Loudoun County",20180,US,"TIGER/Line® dataset from the US Census Bureau"
"Lubbock, TX",TX,US,350,642.5,"1,000",33.588771,-101.850445,1,place,,,,,Lubbock,TX,"Lubbock County",79401,US,"TIGER/Line® dataset from the US Census Bureau"
"Lubec, ME",ME,US,95,95,95,44.904288,-67.040767,1,place,,,,,Lubec,ME,"Washington County",04652,US,"TIGER/Line® dataset from the US Census Bureau"
"Lyons, CO",CO,US,25,27.5,30,40.189788,-105.35528,1,place,,,,,Lyons,CO,"Boulder County",80540,US,"TIGER/Line® dataset from the US Census Bureau"
"Mt. Shasta, CA",CA,US,400,400,400,41.31583,-122.31611,1,place,,,,,"Mount Shasta",CA,"Siskiyou County",96067,US,"TIGER/Line® dataset from the US Census Bureau"
"Mt. Laurel, NJ",NJ,US,20,20,20,39.955912,-74.91731,1,place,,,,,"Mount Laurel",NJ,"Burlington County",08054,US,"TIGER/Line® dataset from the US Census Bureau"
"Madison, WI",WI,US,"75,000",86250,"1,00,000",43.06956,-89.423861,1,place,,,,,Madison,WI,"Dane County",53701,US,"TIGER/Line® dataset from the US Census Bureau"
"Manchester, VT",VT,US,50,50,50,43.16369,-73.07233,1,place,,,,,Manchester,VT,"Bennington County",05254,US,"TIGER/Line® dataset from the US Census Bureau"
"Mankato, MN",MN,US,50,95,140,44.128325,-93.978863,1,place,,,,,Mankato,MN,"Blue Earth County",56001,US,"TIGER/Line® dataset from the US Census Bureau"
"Marfa, TX",TX,US,76,76,76,30.351902,-104.018475,1,place,,,,,Marfa,TX,"Presidio County",79843,US,"TIGER/Line® dataset from the US Census Bureau"
"Martha's Vineyard, MA",MA,US,100,100,100,41.458594,-70.61592,0.67,place,,,,,"Vineyard Haven",MA,"Dukes County",02568,US,"TIGER/Line® dataset from the US Census Bureau"
"Marquette, MI",MI,US,200,470,800,46.54354,-87.39542,1,place,,,,,Marquette,MI,"Marquette County",49855,US,"TIGER/Line® dataset from the US Census Bureau"
"Marshall, MN",MN,US,2,2,2,44.460429,-95.785872,1,place,,,,,Marshall,MN,"Lyon County",56258,US,"TIGER/Line® dataset from the US Census Bureau"
"Maryville, IL",IL,US,40,45,50,38.713829,-89.965751,1,place,,,,,Maryville,IL,"Madison County",62062,US,"TIGER/Line® dataset from the US Census Bureau"
"McCall, ID",ID,US,75,112.5,150,44.75196,-116.057987,1,place,,,,,McCall,ID,"Valley County",83638,US,"TIGER/Line® dataset from the US Census Bureau"
"McConnelsville, OH",OH,US,5,17,29,39.737292,-81.915415,0.8,place,,,,,"Mc Connelsville",OH,"Morgan County",43756,US,"TIGER/Line® dataset from the US Census Bureau"
"McMinnville, OR",OR,US,700,1015,"1,400",45.187444,-123.237145,1,place,,,,,McMinnville,OR,"Yamhill County",97128,US,"TIGER/Line® dataset from the US Census Bureau"
"Melbourne/Brevard County, FL",FL,US,500,500,500,28.079357,-80.623618,1,place,,,,,Melbourne,FL,"Brevard County",32901,US,"TIGER/Line® dataset from the US Census Bureau"
"Memphis, TN",TN,US,"3,000",5700,"9,000",35.169255,-89.990415,1,place,,,,,Memphis,TN,"Shelby County",37501,US,"TIGER/Line® dataset from the US Census Bureau"
"Menomonie, WI",WI,US,200,312.5,450,44.867809,-91.943198,1,place,,,,,Menomonie,WI,"Dunn County",54751,US,"TIGER/Line® dataset from the US Census Bureau"
"Mentone, AL",AL,US,50,60,70,34.556856,-85.578584,1,place,,,,,Mentone,AL,"DeKalb County",35984,US,"TIGER/Line® dataset from the US Census Bureau"
"Miami, FL",FL,US,"10,000",16750,"25,000",25.558428,-80.458168,1,place,,,,,Miami,FL,"Miami-Dade County",33231,US,"TIGER/Line® dataset from the US Census Bureau"
"Midland, MI",MI,US,400,400,400,43.626132,-84.33803,1,place,,,,,Midland,MI,"Midland County",48640,US,"TIGER/Line® dataset from the US Census Bureau"
"Midland, TX",TX,US,50,75,100,31.992384,-102.081464,1,place,,,,,Midland,TX,"Midland County",79701,US,"TIGER/Line® dataset from the US Census Bureau"
"Midway Atoll",--,US,6,6,6,40.489378,-111.485127,1,place,,,,,Midway,UT,"Wasatch County",84049,US,"TIGER/Line® dataset from the US Census Bureau"
"Miles City, MT",MT,US,500,500,500,46.447808,-105.795343,1,place,,,,,"Miles City",MT,"Custer County",59301,US,"TIGER/Line® dataset from the US Census Bureau"
"Milford, CT",CT,US,120,120,120,41.22232,-73.0565,1,place,,,,,Milford,CT,"New Haven County",06460,US,"TIGER/Line® dataset from the US Census Bureau"
"Milhelm, PA",PA,US,50,50,50,40.902496,-77.833451,1,state,,,,,,PA,,,US,"US Census Bureau"
"Milwaukee, WI",WI,US,"1,000",1000,"1,000",43.011264,-87.958409,1,place,,,,,Milwaukee,WI,"Milwaukee County",53201,US,"TIGER/Line® dataset from the US Census Bureau"
"Minocqua, WI",WI,US,300,300,300,45.827583,-89.824294,1,place,,,,,Minocqua,WI,"Oneida County",54548,US,"TIGER/Line® dataset from the US Census Bureau"
"Minturn, CO",CO,US,6,6,6,39.580461,-106.417574,1,place,,,,,Minturn,CO,"Eagle County",81645,US,"TIGER/Line® dataset from the US Census Bureau"
"Missoula, MT",MT,US,80,100,120,46.856398,-114.014338,1,place,,,,,Missoula,MT,"Missoula County",59801,US,"TIGER/Line® dataset from the US Census Bureau"
"Mitchell, IN",IN,US,18,19,20,38.73283,-86.4736,1,place,,,,,Mitchell,IN,"Lawrence County",47446,US,"TIGER/Line® dataset from the US Census Bureau"
"Moab, UT",UT,US,200,200,200,38.5804,-109.54019,1,place,,,,,Moab,UT,"Grand County",84532,US,"TIGER/Line® dataset from the US Census Bureau"
"Mobile, AL",AL,US,900,945,"1,000",30.701142,-88.103184,1,place,,,,,Mobile,AL,"Mobile County",36601,US,"TIGER/Line® dataset from the US Census Bureau"
"Modesto, CA",CA,US,900,945,"1,000",37.669463,-121.016796,1,place,,,,,Modesto,CA,"Stanislaus County",95350,US,"TIGER/Line® dataset from the US Census Bureau"
"Mooresville, NC",NC,US,70,70,70,35.58458,-80.778871,1,place,,,,,Mooresville,NC,"Iredell County",28115,US,"TIGER/Line® dataset from the US Census Bureau"
"Monhegan Island",ME,US,22,22,22,43.76231,-69.32032,1,place,,,,,Monhegan,ME,"Lincoln County",04852,US,"TIGER/Line® dataset from the US Census Bureau"
"Montpelier, VT",VT,US,"15,000",17250,"20,000",44.19906,-72.559638,1,place,,,,,Montpelier,VT,"Washington County",05601,US,"TIGER/Line® dataset from the US Census Bureau"
"Mora, NM",NM,US,1,1,1,35.9742,-105.33001,1,place,,,,,Mora,NM,"Mora County",87732,US,"TIGER/Line® dataset from the US Census Bureau"
"Morganton, NC",NC,US,500,545,600,36.029833,-79.49161,0.8,place,,,,,Morgantown,NC,"Alamance County",27215,US,"TIGER/Line® dataset from the US Census Bureau"
"Morris, MN",MN,US,250,250,250,45.595739,-95.923233,1,place,,,,,Morris,MN,"Stevens County",56267,US,"TIGER/Line® dataset from the US Census Bureau"
"Moscow, ID",ID,US,"2,500",2500,"2,500",46.735334,-116.870147,1,place,,,,,Moscow,ID,"Latah County",83843,US,"TIGER/Line® dataset from the US Census Bureau"
"Mount Vernon, OH",OH,US,20,25,30,40.37066,-82.481346,1,place,,,,,"Mount Vernon",OH,"Knox County",43050,US,"TIGER/Line® dataset from the US Census Bureau"
"Mount Vernon, WA",WA,US,200,920,"1,800",48.435248,-122.208184,1,place,,,,,"Mount Vernon",WA,"Skagit County",98273,US,"TIGER/Line® dataset from the US Census Bureau"
"Murray, KY",KY,US,700,700,700,36.625349,-88.279562,1,place,,,,,Murray,KY,"Calloway County",42071,US,"TIGER/Line® dataset from the US Census Bureau"
"Nacogdoches, TX",TX,US,200,250,300,31.558383,-94.504452,1,place,,,,,Nacogdoches,TX,"Nacogdoches County",75961,US,"TIGER/Line® dataset from the US Census Bureau"
"Nantucket, MA",MA,US,400,400,400,41.287647,-70.08665,1,place,,,,,Nantucket,MA,"Nantucket County",02554,US,"TIGER/Line® dataset from the US Census Bureau"
"Napa, CA",CA,US,"3,000",3000,"3,000",38.442011,-122.23832,1,place,,,,,Napa,CA,"Napa County",94558,US,"TIGER/Line® dataset from the US Census Bureau"
"Naples, FL",FL,US,"2,500",3625,"5,000",26.032137,-81.761821,1,place,,,,,Naples,FL,"Collier County",34101,US,"TIGER/Line® dataset from the US Census Bureau"
"Nashville, TN",TN,US,"15,000",17250,"20,000",36.165688,-86.778098,1,place,,,,,Nashville,TN,"Davidson County",37201,US,"TIGER/Line® dataset from the US Census Bureau"
"Nebraska City, NE",NE,US,3,3,3,40.707742,-95.907718,1,place,,,,,"Nebraska City",NE,"Otoe County",68410,US,"TIGER/Line® dataset from the US Census Bureau"
"Nederland, CO",CO,US,20,27.5,35,39.96138,-105.51083,1,place,,,,,Nederland,CO,"Boulder County",80466,US,"TIGER/Line® dataset from the US Census Bureau"
"Nevada City, CA",CA,US,100,100,100,39.299606,-120.887965,1,place,,,,,"Nevada City",CA,"Nevada County",95959,US,"TIGER/Line® dataset from the US Census Bureau"
"New Bern, NC",NC,US,300,480,700,35.125849,-76.977181,1,place,,,,,"New Bern",NC,"Craven County",28560,US,"TIGER/Line® dataset from the US Census Bureau"
"New Haven, CT",CT,US,200,200,200,41.365709,-72.927507,1,place,,,,,"New Haven",CT,"New Haven County",06501,US,"TIGER/Line® dataset from the US Census Bureau"
"New Orleans, LA",LA,US,"7,000",10600,"15,000",0,0,0,,,,,,,,,,,
"New Smyrna Beach, FL",FL,US,"1,000",1000,"1,000",28.951931,-81.033705,1,place,,,,,"New Smyrna Beach",FL,"Volusia County",32168,US,"TIGER/Line® dataset from the US Census Bureau"
"New York, NY",NY,US,"4,00,000",445000,"5,00,000",40.701829,-74.010426,1,street_center,,"New York Plz",,,"New York",NY,"New York County",10004,US,"TIGER/Line® dataset from the US Census Bureau"
"Newark, DE",DE,US,"1,000",1090,"1,200",39.614737,-75.701277,1,place,,,,,Newark,DE,"New Castle County",19702,US,"TIGER/Line® dataset from the US Census Bureau"
"Newark, NJ",NJ,US,"1,000",1000,"1,000",40.736101,-74.22509,1,place,,,,,Newark,NJ,"Essex County",07101,US,"TIGER/Line® dataset from the US Census Bureau"
"Newport, OR",OR,US,"1,500",1500,"1,500",44.63678,-124.05345,1,place,,,,,Newport,OR,"Lincoln County",97365,US,"TIGER/Line® dataset from the US Census Bureau"
"Nome, AK",AK,US,80,90,100,64.50111,-165.40639,1,place,,,,,Nome,AK,"Nome Census Area",99762,US,"TIGER/Line® dataset from the US Census Bureau"
"Norfolk, VA",VA,US,"2,000",2360,"2,800",36.895911,-76.208521,1,place,,,,,Norfolk,VA,"Norfolk city",23501,US,"TIGER/Line® dataset from the US Census Bureau"
"Northampton, MA",MA,US,"2,500",2725,"3,000",42.321488,-72.630588,1,place,,,,,Northampton,MA,"Hampshire County",01060,US,"TIGER/Line® dataset from the US Census Bureau"
"Oak Ridge, TN",TN,US,450,495,550,36.019381,-84.243175,1,place,,,,,"Oak Ridge",TN,"Anderson County",37830,US,"TIGER/Line® dataset from the US Census Bureau"
"Oakhurst, CA",CA,US,200,200.5,201,37.37586,-119.65238,1,place,,,,,Oakhurst,CA,"Madera County",93644,US,"TIGER/Line® dataset from the US Census Bureau"
"Oakland, CA",CA,US,"1,00,000",100000,"1,00,000",37.786027,-122.223779,1,place,,,,,Oakland,CA,"Alameda County",94601,US,"TIGER/Line® dataset from the US Census Bureau"
"Ocala, FL",FL,US,100,200,300,29.198907,-82.087425,1,place,,,,,Ocala,FL,"Marion County",34470,US,"TIGER/Line® dataset from the US Census Bureau"
"Ocean City, MD",MD,US,200,380,600,38.350536,-75.12888,1,place,,,,,"Ocean City",MD,"Worcester County",21842,US,"TIGER/Line® dataset from the US Census Bureau"
"Ocean Shores, WA",WA,US,150,175,200,47.071971,-124.152461,1,place,,,,,"Ocean Shores",WA,"Grays Harbor County",98569,US,"TIGER/Line® dataset from the US Census Bureau"
"Ocracoke, NC",NC,US,108,114,120,35.12803,-75.91538,1,place,,,,,Ocracoke,NC,"Hyde County",27960,US,"TIGER/Line® dataset from the US Census Bureau"
"Ogden, UT",UT,US,200,250,300,41.244261,-112.007924,1,place,,,,,Ogden,UT,"Weber County",84201,US,"TIGER/Line® dataset from the US Census Bureau"
"Oklahoma City, OK",OK,US,"7,000",9250,"12,000",35.491608,-97.562817,1,place,,,,,"Oklahoma City",OK,"Oklahoma County",73101,US,"TIGER/Line® dataset from the US Census Bureau"
"Old Saybrook, CT",CT,US,800,890,"1,000",41.300448,-72.389129,1,place,,,,,"Old Saybrook",CT,"Middlesex County",06475,US,"TIGER/Line® dataset from the US Census Bureau"
"Olympia, WA",WA,US,"10,000",10000,"10,000",46.984767,-122.869079,1,place,,,,,Olympia,WA,"Thurston County",98501,US,"TIGER/Line® dataset from the US Census Bureau"
"Omaha, NE",NE,US,"12,000",14700,"18,000",41.291736,-96.171104,1,place,,,,,Omaha,NE,"Douglas County",68101,US,"TIGER/Line® dataset from the US Census Bureau"
"Oneonta, NY",NY,US,500,500,500,40.68863,-74.018244,1,place,,,,,"New York",NY,"New York County",10004,US,"TIGER/Line® dataset from the US Census Bureau"
"Onley, VA",VA,US,50,50,50,37.69096,-75.71604,1,place,,,,,Onley,VA,"Accomack County",23418,US,"TIGER/Line® dataset from the US Census Bureau"
"Ontario, CA",CA,US,200,200,200,34.05936,-117.6203,1,place,,,,,Ontario,CA,"San Bernardino County",91758,US,"TIGER/Line® dataset from the US Census Bureau"
"Orcas Island, WA",WA,US,200,200,200,48.59788,-122.94463,1,place,,,,,Orcas,WA,"San Juan County",98280,US,"TIGER/Line® dataset from the US Census Bureau"
"Orford, NH",NH,US,7,7,7,43.927348,-72.10987,1,place,,,,,Orford,NH,"Grafton County",03777,US,"TIGER/Line® dataset from the US Census Bureau"
"Orlando, FL",FL,US,"3,000",5250,"8,000",28.545179,-81.373291,1,place,,,,,Orlando,FL,"Orange County",32801,US,"TIGER/Line® dataset from the US Census Bureau"
"Owensboro, KY",KY,US,15,22.5,30,37.751818,-87.257303,1,place,,,,,Owensboro,KY,"Daviess County",42301,US,"TIGER/Line® dataset from the US Census Bureau"
"Oxford, MS",MS,US,450,450,450,34.330814,-89.483519,1,place,,,,,Oxford,MS,"Lafayette County",38655,US,"TIGER/Line® dataset from the US Census Bureau"
"Pacifica, CA",CA,US,"1,200",1200,"1,200",37.616774,-122.480015,1,place,,,,,Pacifica,CA,"San Mateo County",94044,US,"TIGER/Line® dataset from the US Census Bureau"
"Palm Desert, CA",CA,US,"1,000",1000,"1,000",33.76437,-116.339766,1,place,,,,,"Palm Desert",CA,"Riverside County",92211,US,"TIGER/Line® dataset from the US Census Bureau"
"Palm Springs, CA",CA,US,200,250,300,33.842567,-116.527996,1,place,,,,,"Palm Springs",CA,"Riverside County",92262,US,"TIGER/Line® dataset from the US Census Bureau"
"Palmdale, CA",CA,US,24,24,24,34.408383,-118.123597,1,place,,,,,Palmdale,CA,"Los Angeles County",93550,US,"TIGER/Line® dataset from the US Census Bureau"
"Palmer, AK",AK,US,377,657.35,"1,000",61.59972,-149.11278,1,place,,,,,Palmer,AK,"Matanuska-Susitna Borough",99645,US,"TIGER/Line® dataset from the US Census Bureau"
"Paradox, NY",NY,US,3,3,3,40.68863,-74.018244,1,place,,,,,"New York",NY,"New York County",10004,US,"TIGER/Line® dataset from the US Census Bureau"
"Park City, UT",UT,US,"5,000",6350,"8,000",40.652531,-111.501916,1,place,,,,,"Park City",UT,"Summit County",84060,US,"TIGER/Line® dataset from the US Census Bureau"
"Panama City, FL",FL,US,500,500,500,30.159737,-85.660922,1,place,,,,,"Panama City",FL,"Bay County",32401,US,"TIGER/Line® dataset from the US Census Bureau"
"Paoli, IN",IN,US,67,67,67,38.513132,-86.459473,1,place,,,,,Paoli,IN,"Orange County",47454,US,"TIGER/Line® dataset from the US Census Bureau"
"Paonia, CO",CO,US,40,40,40,38.877198,-107.609167,1,place,,,,,Paonia,CO,"Delta County",81428,US,"TIGER/Line® dataset from the US Census Bureau"
"Pasadena, CA",CA,US,500,1040,"1,700",33.786594,-118.298662,1,place,,,,,Pasadena,CA,"Los Angeles County",91050,US,"TIGER/Line® dataset from the US Census Bureau"
"Pence, WI",WI,US,1,1,1,46.415226,-90.271566,0.9,place,,,,,Pence,WI,"Iron County",54550,US,"TIGER/Line® dataset from the US Census Bureau"
"Pendelton, OR",OR,US,425,526.25,650,45.67208,-118.7886,1,place,,,,,Pendleton,OR,"Umatilla County",97801,US,"TIGER/Line® dataset from the US Census Bureau"
"Pensacola, FL",FL,US,"2,000",2000,"2,000",30.428781,-87.222516,1,place,,,,,Pensacola,FL,"Escambia County",32501,US,"TIGER/Line® dataset from the US Census Bureau"
"Pentwater, MI",MI,US,2,2,2,43.78167,-86.43314,1,place,,,,,Pentwater,MI,"Oceana County",49449,US,"TIGER/Line® dataset from the US Census Bureau"
"Peoria, IL",IL,US,"1,500",1725,"2,000",40.693137,-89.589847,1,place,,,,,Peoria,IL,"Peoria County",61601,US,"TIGER/Line® dataset from the US Census Bureau"
"Pequannock Township, NJ",NJ,US,800,890,"1,000",40.948208,-74.295592,1,place,,,,,Pequannock,NJ,"Morris County",07440,US,"TIGER/Line® dataset from the US Census Bureau"
"Peterborough, NH",NH,US,50,55,60,42.87899,-71.95927,1,place,,,,,Peterborough,NH,"Hillsborough County",03458,US,"TIGER/Line® dataset from the US Census Bureau"
"Petersburg, AK",AK,US,50,65,80,56.767056,-132.93195,1,place,,,,,Petersburg,AK,,99833,US,"TIGER/Line® dataset from the US Census Bureau"
"Philadelphia, PA",PA,US,"50,000",50000,"50,000",40.001811,-75.11787,1,place,,,,,Philadelphia,PA,"Philadelphia County",19019,US,"TIGER/Line® dataset from the US Census Bureau"
"Phoenix, AZ",AZ,US,"20,000",22250,"25,000",33.703967,-112.351835,1,place,,,,,Phoenix,AZ,"Maricopa County",85001,US,"TIGER/Line® dataset from the US Census Bureau"
"Pierre, SD",SD,US,130,132.5,135,44.334073,-100.094195,1,place,,,,,Pierre,SD,"Hughes County",57501,US,"TIGER/Line® dataset from the US Census Bureau"
"Pikeville, KY",KY,US,100,100,100,37.514701,-82.513615,1,place,,,,,Pikeville,KY,"Pike County",41501,US,"TIGER/Line® dataset from the US Census Bureau"
"Pinedale, WY",WY,US,100,100,100,42.849757,-109.938968,1,place,,,,,Pinedale,WY,"Sublette County",82941,US,"TIGER/Line® dataset from the US Census Bureau"
"Pittsburgh, PA",PA,US,"25,000",25000,"25,000",40.47441,-79.950968,1,place,,,,,Pittsburgh,PA,"Allegheny County",15201,US,"TIGER/Line® dataset from the US Census Bureau"
"Pittsfield, MA",MA,US,"1,500",1500,1500,42.479475,-73.24807,1,place,,,,,Pittsfield,MA,"Berkshire County",01201,US,"TIGER/Line® dataset from the US Census Bureau"
"Plattsburgh, NY",NY,US,182,415.1,700,40.68863,-74.018244,1,place,,,,,"New York",NY,"New York County",10004,US,"TIGER/Line® dataset from the US Census Bureau"
"Plymouth, WI",WI,US,200,200,200,43.768454,-87.975773,1,place,,,,,Plymouth,WI,"Sheboygan County",53073,US,"TIGER/Line® dataset from the US Census Bureau"
"Pocatello, ID",ID,US,"1,200",1200,"1,200",42.904933,-112.380079,1,place,,,,,Pocatello,ID,"Bannock County",83201,US,"TIGER/Line® dataset from the US Census Bureau"
"Point Reyes Station, CA",CA,US,35,60,85,38.0847,-122.80918,1,place,,,,,"Point Reyes Station",CA,"Marin County",94956,US,"TIGER/Line® dataset from the US Census Bureau"
"Port Angeles, WA",WA,US,100,150,200,48.051108,-123.360411,1,place,,,,,"Port Angeles",WA,"Clallam County",98362,US,"TIGER/Line® dataset from the US Census Bureau"
"Port Jefferson, NY",NY,US,"2,000",2000,"2,000",40.68863,-74.018244,1,place,,,,,"New York",NY,"New York County",10004,US,"TIGER/Line® dataset from the US Census Bureau"
"Port Jervis, NY",NY,US,350,417.5,500,40.68863,-74.018244,1,place,,,,,"New York",NY,"New York County",10004,US,"TIGER/Line® dataset from the US Census Bureau"
"Port Orford, OR",OR,US,280,290,300,42.703155,-124.45094,1,place,,,,,"Port Orford",OR,"Curry County",97465,US,"TIGER/Line® dataset from the US Census Bureau"
"Port Townsend, WA",WA,US,300,615,"1,000",48.018572,-122.849683,1,place,,,,,"Port Townsend",WA,"Jefferson County",98368,US,"TIGER/Line® dataset from the US Census Bureau"
"Portales, NM",NM,US,50,50,50,34.076964,-103.352595,1,place,,,,,Portales,NM,"Roosevelt County",88130,US,"TIGER/Line® dataset from the US Census Bureau"
"Portland, ME",ME,US,"10,000",10000,"10,000",43.658784,-70.262393,1,place,,,,,Portland,ME,"Cumberland County",04101,US,"TIGER/Line® dataset from the US Census Bureau"
"Portland, OR",OR,US,"70,000",83500,"1,00,000",45.507856,-122.690794,1,place,,,,,Portland,OR,"Multnomah County",97201,US,"TIGER/Line® dataset from the US Census Bureau"
"Portland, OR area",OR,US,55,57.5,60,45.507856,-122.690794,1,place,,,,,Portland,OR,"Multnomah County",97201,US,"TIGER/Line® dataset from the US Census Bureau"
"Portsmouth, NH",NH,US,"3,000",3900,"5,000",43.005895,-71.013202,1,place,,,,,Portsmouth,NH,"Rockingham County",00210,US,"TIGER/Line® dataset from the US Census Bureau"
"Potsdam, NY",NY,US,18,20,22,40.68863,-74.018244,1,place,,,,,"New York",NY,"New York County",10004,US,"TIGER/Line® dataset from the US Census Bureau"
"Poughkeepsie, NY",NY,US,"4,000",5672.2,"7,716",40.68863,-74.018244,1,place,,,,,"New York",NY,"New York County",10004,US,"TIGER/Line® dataset from the US Census Bureau"
"Prescott, AZ",AZ,US,"1,200",1200,"1,200",34.591349,-112.426312,1,place,,,,,Prescott,AZ,"Yavapai County",86301,US,"TIGER/Line® dataset from the US Census Bureau"
"Providence, RI",RI,US,"5,000",5900,"7,000",41.82275,-71.414451,1,place,,,,,Providence,RI,"Providence County",02901,US,"TIGER/Line® dataset from the US Census Bureau"
"Provincetown, MA",MA,US,300,300,300,42.05844,-70.17864,1,place,,,,,Provincetown,MA,"Barnstable County",02657,US,"TIGER/Line® dataset from the US Census Bureau"
"Quincy, CA",CA,US,50,77.5,105,39.93103,-120.95478,1,place,,,,,Quincy,CA,"Plumas County",95971,US,"TIGER/Line® dataset from the US Census Bureau"
"Raleigh, NC",NC,US,"17,000",18350,"20,000",35.773632,-78.634457,1,place,,,,,Raleigh,NC,"Wake County",27601,US,"TIGER/Line® dataset from the US Census Bureau"
"Rapid City, SD",SD,US,"1,000",1450,"2,000",44.145868,-103.206866,1,place,,,,,"Rapid City",SD,"Pennington County",57701,US,"TIGER/Line® dataset from the US Census Bureau"
"Reading, PA",PA,US,100,257.5,450,40.357242,-75.940153,1,place,,,,,Reading,PA,"Berks County",19601,US,"TIGER/Line® dataset from the US Census Bureau"
"Red Bank, NJ",NJ,US,200,290,400,40.358409,-74.068143,1,place,,,,,"Red Bank",NJ,"Monmouth County",07701,US,"TIGER/Line® dataset from the US Census Bureau"
"Redding, CA",CA,US,300,300,300,40.600342,-122.455016,1,place,,,,,Redding,CA,"Shasta County",96001,US,"TIGER/Line® dataset from the US Census Bureau"
"Redondo Beach, CA",CA,US,"2,000",2000,"2,000",33.830006,-118.387124,1,place,,,,,"Redondo Beach",CA,"Los Angeles County",90277,US,"TIGER/Line® dataset from the US Census Bureau"
"Redwood City, CA",CA,US,"2,500",2500,"2,500",37.381144,-122.334825,1,place,,,,,"Redwood City",CA,"San Mateo County",94059,US,"TIGER/Line® dataset from the US Census Bureau"
"Reno, NV",NV,US,"10,000",10000,"10,000",39.525749,-119.813051,1,place,,,,,Reno,NV,"Washoe County",89501,US,"TIGER/Line® dataset from the US Census Bureau"
"Richland, WA",WA,US,"1,000",1675,"2,500",46.28569,-119.28446,1,place,,,,,Richland,WA,"Benton County",99352,US,"TIGER/Line® dataset from the US Census Bureau"
"Richmond, VA",VA,US,"2,000","2,000","2,000",37.524246,-77.493157,1,place,,,,,Richmond,VA,"Richmond city",23218,US,"TIGER/Line® dataset from the US Census Bureau"
"Ridgecrest, CA",CA,US,180,190,200,35.606509,-117.683472,1,place,,,,,Ridgecrest,CA,"Kern County",93555,US,"TIGER/Line® dataset from the US Census Bureau"
"Ridgway, CO",CO,US,50,100,150,38.177464,-107.72736,1,place,,,,,Ridgway,CO,"Ouray County",81432,US,"TIGER/Line® dataset from the US Census Bureau"
"Riegelsville, PA",PA,US,170,185,200,40.567316,-75.236191,1,place,,,,,Riegelsville,PA,"Bucks County",18077,US,"TIGER/Line® dataset from the US Census Bureau"
"Riverside, CA",CA,US,"4,000",4000,"4,000",33.99504,-117.373184,1,place,,,,,Riverside,CA,"Riverside County",92501,US,"TIGER/Line® dataset from the US Census Bureau"
"Roanoke, VA",VA,US,"3,000",3675,"4,500",37.274175,-79.95786,1,place,,,,,Roanoke,VA,"Roanoke city",24001,US,"TIGER/Line® dataset from the US Census Bureau"
"Rochester, MN",MN,US,600,780,"1,000",44.075285,-92.516916,1,place,,,,,Rochester,MN,"Olmsted County",55901,US,"TIGER/Line® dataset from the US Census Bureau"
"Rochester, NY",NY,US,"1,500",1725,"2,000",40.68863,-74.018244,1,place,,,,,"New York",NY,"New York County",10004,US,"TIGER/Line® dataset from the US Census Bureau"
"Rock Springs, WY",WY,US,90,105,120,41.634515,-109.149045,1,place,,,,,"Rock Springs",WY,"Sweetwater County",82901,US,"TIGER/Line® dataset from the US Census Bureau"
"Rockford, IL",IL,US,"1,000",1000,"1,000",42.33342,-89.157198,1,place,,,,,Rockford,IL,"Winnebago County",61101,US,"TIGER/Line® dataset from the US Census Bureau"
"Romney, WV",WV,US,30,40,50,39.34487,-78.758487,1,place,,,,,Romney,WV,"Hampshire County",26757,US,"TIGER/Line® dataset from the US Census Bureau"
"Roswell, NM",NM,US,2,2,2,33.637061,-104.377926,1,place,,,,,Roswell,NM,"Chaves County",88201,US,"TIGER/Line® dataset from the US Census Bureau"
"Roxbury, CT",CT,US,15,57.5,100,41.578971,-73.298344,1,place,,,,,Roxbury,CT,"Litchfield County",06783,US,"TIGER/Line® dataset from the US Census Bureau"
"St. Augustine, FL",FL,US,"1,000",1450,"2,000",29.918235,-81.367087,1,place,,,,,"Saint Augustine",FL,"St. Johns County",32084,US,"TIGER/Line® dataset from the US Census Bureau"
"St. Cloud, MN",MN,US,40,40,40,45.519196,-94.330619,1,place,,,,,"Saint Cloud",MN,"Stearns County",56301,US,"TIGER/Line® dataset from the US Census Bureau"
"St. Croix, VI",VI,US,250,250,250,0,0,0,,,,,,,,,,,
"St. George, UT",UT,US,"1,200",1323.75,"1,475",37.185679,-113.609837,1,place,,,,,"Saint George",UT,"Washington County",84770,US,"TIGER/Line® dataset from the US Census Bureau"
"St. John, VI",VI,US,60,60,60,18.32816,-64.740737,1,place,,,,,"Saint John",VI,"St. John Island",00830,US,"TIGER/Line® dataset from the US Census Bureau"
"St. Johnsbury, VT",VT,US,50,60,70,44.42873,-72.01155,1,place,,,,,"Saint Johnsbury",VT,"Caledonia County",05819,US,"TIGER/Line® dataset from the US Census Bureau"
"St. Joseph, MI",MI,US,60,60,60,42.10976,-86.48002,1,place,,,,,"Saint Joseph",MI,"Berrien County",49085,US,"TIGER/Line® dataset from the US Census Bureau"
"St. Louis, MO",MO,US,"10,000",14500,"20,000",38.631501,-90.19231,1,place,,,,,"Saint Louis",MO,"St. Louis city",63101,US,"TIGER/Line® dataset from the US Census Bureau"
"St. Mary's City, MD",MD,US,10,10,10,38.18707,-76.4344,1,place,,,,,"Saint Marys City",MD,"St. Mary's County",20686,US,"TIGER/Line® dataset from the US Census Bureau"
"St. Mary of the Woods, IN",IN,US,180,190,200,39.514586,-87.459799,0.9,place,,,,,"Saint Mary Of The Woods",IN,"Vigo County",47876,US,"TIGER/Line® dataset from the US Census Bureau"
"St. Paul/Minneapolis, MN",MN,US,"90,000",94500,"1,00,000",44.951981,-93.321486,1,street_center,,"St Paul Ave",,,Minneapolis,MN,"Hennepin County",55416,US,"TIGER/Line® dataset from the US Census Bureau"
"St. Petersburg, FL",FL,US,"20,000",20000,"20,000",27.775654,-82.64092,1,place,,,,,"Saint Petersburg",FL,"Pinellas County",33701,US,"TIGER/Line® dataset from the US Census Bureau"
"Sacramento, CA",CA,US,"20,000",28100,"38,000",38.380456,-121.555406,1,place,,,,,Sacramento,CA,"Sacramento County",94203,US,"TIGER/Line® dataset from the US Census Bureau"
"Sag Harbor, NY",NY,US,250,250,250,40.68863,-74.018244,1,place,,,,,"New York",NY,"New York County",10004,US,"TIGER/Line® dataset from the US Census Bureau"
"Salem, OR",OR,US,"1,000",2440,"4,200",44.94878,-123.003655,1,place,,,,,Salem,OR,"Marion County",97301,US,"TIGER/Line® dataset from the US Census Bureau"
"Salem, WI",WI,US,2,2,2,42.574598,-88.137535,1,place,,,,,Salem,WI,"Kenosha County",53168,US,"TIGER/Line® dataset from the US Census Bureau"
"Salida, CO",CO,US,40,45,50,38.629119,-106.120582,1,place,,,,,Salida,CO,"Chaffee County",81201,US,"TIGER/Line® dataset from the US Census Bureau"
"Salinas, CA",CA,US,80,80,80,36.64152,-121.622188,1,place,,,,,Salinas,CA,"Monterey County",93901,US,"TIGER/Line® dataset from the US Census Bureau"
"Salisbury, CT",CT,US,200,305.3,434,42.00579,-73.399336,1,place,,,,,Salisbury,CT,"Litchfield County",06068,US,"TIGER/Line® dataset from the US Census Bureau"
"Salt Lake City, UT (1/20)",UT,US,"1,000",1000,"1,000",40.756095,-111.900719,1,place,,,,,"Salt Lake City",UT,"Salt Lake County",84101,US,"TIGER/Line® dataset from the US Census Bureau"
"Salt Lake City, UT (1/23)",UT,US,"6,000",7800,"10,000",40.756095,-111.900719,1,place,,,,,"Salt Lake City",UT,"Salt Lake County",84101,US,"TIGER/Line® dataset from the US Census Bureau"
"San Anselmo, CA",CA,US,4,4,4,37.995864,-122.577814,1,place,,,,,"San Anselmo",CA,"Marin County",94960,US,"TIGER/Line® dataset from the US Census Bureau"
"San Antonio, TX",TX,US,"1,500",2175,"3,000",29.468413,-98.528889,1,place,,,,,"San Antonio",TX,"Bexar County",78201,US,"TIGER/Line® dataset from the US Census Bureau"
"San Bernardino, CA",CA,US,80,80,80,34.104794,-117.29215,1,place,,,,,"San Bernardino",CA,"San Bernardino County",92401,US,"TIGER/Line® dataset from the US Census Bureau"
"San Clemente, CA",CA,US,100,150,200,33.42362,-117.606843,1,place,,,,,"San Clemente",CA,"Orange County",92672,US,"TIGER/Line® dataset from the US Census Bureau"
"San Diego, CA",CA,US,"30,000",34500,"40,000",32.724103,-117.170912,1,place,,,,,"San Diego",CA,"San Diego County",92101,US,"TIGER/Line® dataset from the US Census Bureau"
"San Francisco, CA",CA,US,"1,00,000",154000,"2,20,000",37.776646,-122.417481,1,place,,,,,"San Francisco",CA,"San Francisco County",94101,US,"TIGER/Line® dataset from the US Census Bureau"
"San Jose, CA",CA,US,"25,000",31750,"40,000",37.189396,-121.705327,1,place,,,,,"San Jose",CA,"Santa Clara County",95101,US,"TIGER/Line® dataset from the US Census Bureau"
"San Juan, PR",PR,US,200,290,400,18.465901,-66.103568,1,place,,,,,"San Juan",PR,"San Juan Municipio",00901,US,"TIGER/Line® dataset from the US Census Bureau"
"San Luis Obispo, CA",CA,US,"7,000",8350,"10,000",35.265573,-120.62122,1,place,,,,,"San Luis Obispo",CA,"San Luis Obispo County",93401,US,"TIGER/Line® dataset from the US Census Bureau"
"San Marcos, CA",CA,US,"3,000",6150,"10,000",33.170778,-117.158674,1,place,,,,,"San Marcos",CA,"San Diego County",92069,US,"TIGER/Line® dataset from the US Census Bureau"
"San Rafael, CA",CA,US,500,500,500,37.970948,-122.504286,1,place,,,,,"San Rafael",CA,"Marin County",94901,US,"TIGER/Line® dataset from the US Census Bureau"
"Sanford, ME",ME,US,100,115,130,43.44007,-70.78015,1,place,,,,,Sanford,ME,"York County",04073,US,"TIGER/Line® dataset from the US Census Bureau"
"Sandpoint, ID",ID,US,800,890,1000,48.299486,-116.553968,1,place,,,,,Sandpoint,ID,"Bonner County",83864,US,"TIGER/Line® dataset from the US Census Bureau"
"Santa Ana, CA",CA,US,"20,000",22250,"25,000",33.74822,-117.858473,1,place,,,,,"Santa Ana",CA,"Orange County",92701,US,"TIGER/Line® dataset from the US Census Bureau"
"Santa Barbara, CA",CA,US,"5,000",6350,"8,000",34.421897,-119.707135,1,place,,,,,"Santa Barbara",CA,"Santa Barbara County",93101,US,"TIGER/Line® dataset from the US Census Bureau"
"Santa Cruz, CA",CA,US,"8,000",11150,"15,000",37.052748,-122.111126,1,place,,,,,"Santa Cruz",CA,"Santa Cruz County",95060,US,"TIGER/Line® dataset from the US Census Bureau"
"Santa Fe, NM",NM,US,"10,000",13150,"17,000",35.697473,-105.982146,1,place,,,,,"Santa Fe",NM,"Santa Fe County",87501,US,"TIGER/Line® dataset from the US Census Bureau"
"Santa Rosa, CA",CA,US,"5,000",5000,"5,000",38.450412,-122.783159,1,place,,,,,"Santa Rosa",CA,"Sonoma County",95401,US,"TIGER/Line® dataset from the US Census Bureau"
"Sarasota, FL",FL,US,"7,500",8625,"10,000",27.335023,-82.537169,1,place,,,,,Sarasota,FL,"Sarasota County",34230,US,"TIGER/Line® dataset from the US Census Bureau"
"Saugatuck, MI",MI,US,200,1010,"2,000",42.645611,-86.165451,1,place,,,,,Saugatuck,MI,"Allegan County",49453,US,"TIGER/Line® dataset from the US Census Bureau"
"Sault Ste Marie, MI",MI,US,40,40,40,43.046851,-84.900482,0.67,place,,,,,Muir,MI,"Ionia County",48860,US,"TIGER/Line® dataset from the US Census Bureau"
"Sausalito, CA",CA,US,3,3,3,37.850417,-122.531423,1,place,,,,,Sausalito,CA,"Marin County",94965,US,"TIGER/Line® dataset from the US Census Bureau"
"Savannah, GA",GA,US,"1,000",1000,"1,000",32.074679,-81.088261,1,place,,,,,Savannah,GA,"Chatham County",31401,US,"TIGER/Line® dataset from the US Census Bureau"
"Saxaphaw, NC",NC,US,80,80,80,35.53971,-79.130864,1,state,,,,,,NC,,,US,"US Census Bureau"
"Seaside, CA",CA,US,"1,000",1450,"2,000",36.61107,-121.85162,1,place,,,,,Seaside,CA,"Monterey County",93955,US,"TIGER/Line® dataset from the US Census Bureau"
"Seattle, WA",WA,US,"1,00,000",133750,"1,75,000",47.432251,-121.803388,1,place,,,,,Seattle,WA,"King County",98060,US,"TIGER/Line® dataset from the US Census Bureau"
"Sedona, AZ",AZ,US,"1,000",1000,"1,000",34.909886,-111.867252,1,place,,,,,Sedona,AZ,"Coconino County",86336,US,"TIGER/Line® dataset from the US Census Bureau"
"Seldovia, AK",AK,US,41,41,41,59.449486,-151.700915,1,place,,,,,Seldovia,AK,"Kenai Peninsula Borough",99663,US,"TIGER/Line® dataset from the US Census Bureau"
"Selingsgrove, PA",PA,US,119,119,119,40.902496,-77.833451,1,state,,,,,,PA,,,US,"US Census Bureau"
"Seneca Falls, NY",NY,US,"10,000",10000,"10,000",40.68863,-74.018244,1,place,,,,,"New York",NY,"New York County",10004,US,"TIGER/Line® dataset from the US Census Bureau"
"Sequim, WA",WA,US,300,390,500,48.06773,-123.080362,1,place,,,,,Sequim,WA,"Clallam County",98382,US,"TIGER/Line® dataset from the US Census Bureau"
"Seward, AK",AK,US,54,62,70,60.25281,-149.402123,1,place,,,,,Seward,AK,"Kenai Peninsula Borough",99664,US,"TIGER/Line® dataset from the US Census Bureau"
"Sharon, PA",PA,US,700,700,700,41.23311,-80.4934,1,place,,,,,Sharon,PA,"Mercer County",16146,US,"TIGER/Line® dataset from the US Census Bureau"
"Sheboygan, WI",WI,US,300,390,500,43.71011,-87.735217,1,place,,,,,Sheboygan,WI,"Sheboygan County",53081,US,"TIGER/Line® dataset from the US Census Bureau"
"Show Low, AZ",AZ,US,1,1,1,34.313307,-110.020527,1,place,,,,,"Show Low",AZ,"Navajo County",85901,US,"TIGER/Line® dataset from the US Census Bureau"
"Shreveport/Bossier, LA",LA,US,200,560,"1,000",0,0,0,,,,,,,,,,,
"Sicklerville, NJ",NJ,US,200,225,250,39.747558,-74.970462,1,place,,,,,Sicklerville,NJ,"Camden County",08081,US,"TIGER/Line® dataset from the US Census Bureau"
"Silver City, NM",NM,US,500,500,500,32.853738,-108.330764,1,place,,,,,"Silver City",NM,"Grant County",88061,US,"TIGER/Line® dataset from the US Census Bureau"
"Silverton, CO",CO,US,50,50,50,37.848391,-107.680381,1,place,,,,,Silverton,CO,"San Juan County",81433,US,"TIGER/Line® dataset from the US Census Bureau"
"Sioux Falls, SD",SD,US,"3,300",3300,"3,300",43.546358,-96.69063,1,place,,,,,"Sioux Falls",SD,"Minnehaha County",57101,US,"TIGER/Line® dataset from the US Census Bureau"
"Sitka, AK",AK,US,700,700,700,57.080818,-135.318348,1,place,,,,,Sitka,AK,"Sitka City and Borough",99835,US,"TIGER/Line® dataset from the US Census Bureau"
"Skagway, AK",AK,US,122,122,122,59.456753,-135.314852,1,place,,,,,Skagway,AK,,99840,US,"TIGER/Line® dataset from the US Census Bureau"
"Skykomish, WA",WA,US,8,8,8,47.70927,-121.3601,1,place,,,,,Skykomish,WA,"King County",98288,US,"TIGER/Line® dataset from the US Census Bureau"
"Soldotna, AK",AK,US,200,261,322,60.48778,-151.05833,1,place,,,,,Soldotna,AK,"Kenai Peninsula Borough",99669,US,"TIGER/Line® dataset from the US Census Bureau"
"Sonoma, CA",CA,US,"3,000",3000,"3,000",38.255943,-122.476819,1,place,,,,,Sonoma,CA,"Sonoma County",95476,US,"TIGER/Line® dataset from the US Census Bureau"
"South Bend, IN",IN,US,"1,000",1450,"2,000",41.673383,-86.251654,1,place,,,,,"South Bend",IN,"St. Joseph County",46601,US,"TIGER/Line® dataset from the US Census Bureau"
"South Lake Tahoe, CA / Stateline, NV",CA/NV,US,500,590,700,38.96745,-119.944,1,place,,,,,Stateline,NV,"Douglas County",89449,US,"TIGER/Line® dataset from the US Census Bureau"
"South Orange, NJ",NJ,US,"2,000",2000,"2,000",40.745772,-74.267541,1,place,,,,,"South Orange",NJ,"Essex County",07079,US,"TIGER/Line® dataset from the US Census Bureau"
"Southborough, MA",MA,US,50,50,50,42.296842,-71.533229,1,place,,,,,Southborough,MA,"Worcester County",01772,US,"TIGER/Line® dataset from the US Census Bureau"
"Spokane, WA",WA,US,"4,000",7600,"12,000",47.66264,-117.435997,1,place,,,,,Spokane,WA,"Spokane County",99201,US,"TIGER/Line® dataset from the US Census Bureau"
"Springfield, IL",IL,US,"1,000",1000,"1,000",39.800698,-89.648801,1,place,,,,,Springfield,IL,"Sangamon County",62701,US,"TIGER/Line® dataset from the US Census Bureau"
"Springfield, MA",MA,US,40,40,40,42.170731,-72.604842,1,place,,,,,Springfield,MA,"Hampden County",01101,US,"TIGER/Line® dataset from the US Census Bureau"
"Springfield, MO",MO,US,"2,000",2000,"2,000",37.25807,-93.343673,1,place,,,,,Springfield,MO,"Greene County",65801,US,"TIGER/Line® dataset from the US Census Bureau"
"Springfield, OH",OH,US,5,5,5,39.927059,-83.813228,1,place,,,,,Springfield,OH,"Clark County",45501,US,"TIGER/Line® dataset from the US Census Bureau"
"Stamford, CT",CT,US,"5,000",5000,"5,000",41.054082,-73.536216,1,place,,,,,Stamford,CT,"Fairfield County",06901,US,"TIGER/Line® dataset from the US Census Bureau"
"Stanley, ID",ID,US,30,30,30,44.371442,-114.856089,1,place,,,,,Stanley,ID,"Custer County",83278,US,"TIGER/Line® dataset from the US Census Bureau"
"State College, PA",PA,US,200,335,500,40.77893,-77.841359,1,place,,,,,"State College",PA,"Centre County",16801,US,"TIGER/Line® dataset from the US Census Bureau"
"Statesboro, GA",GA,US,200,200,200,32.425,-81.784956,1,place,,,,,Statesboro,GA,"Bulloch County",30458,US,"TIGER/Line® dataset from the US Census Bureau"
"Staunton, VA",VA,US,100,125,150,38.157368,-79.065116,1,place,,,,,Staunton,VA,"Staunton city",24401,US,"TIGER/Line® dataset from the US Census Bureau"
"Steamboat Springs, CO",CO,US,"1,000",1000,"1,000",40.486391,-106.829354,1,place,,,,,"Steamboat Springs",CO,"Routt County",80477,US,"TIGER/Line® dataset from the US Census Bureau"
"Syracuse, NY",NY,US,2000,2450,"3,000",40.68863,-74.018244,1,place,,,,,"New York",NY,"New York County",10004,US,"TIGER/Line® dataset from the US Census Bureau"
"Talkeetna, AK",AK,US,25,30,35,62.280436,-149.715167,1,place,,,,,Talkeetna,AK,"Matanuska-Susitna Borough",99676,US,"TIGER/Line® dataset from the US Census Bureau"
"Tallahassee, FL",FL,US,"14,000",15800,"18,000",30.427753,-84.258472,1,place,,,,,Tallahassee,FL,"Leon County",32301,US,"TIGER/Line® dataset from the US Census Bureau"
"Taos, NM",NM,US,100,100,100,36.429239,-105.554532,1,place,,,,,Taos,NM,"Taos County",87571,US,"TIGER/Line® dataset from the US Census Bureau"
"Tecumseh, MI",MI,US,35,35,35,42.008398,-83.922214,1,place,,,,,Tecumseh,MI,"Lenawee County",49286,US,"TIGER/Line® dataset from the US Census Bureau"
"Telluride, CO",CO,US,200,560,"1,000",37.93749,-107.81229,1,place,,,,,Telluride,CO,"San Miguel County",81435,US,"TIGER/Line® dataset from the US Census Bureau"
"Tenants Harbor, ME",ME,US,50,57.5,65,43.963129,-69.213329,1,place,,,,,"Tenants Harbor",ME,"Knox County",04860,US,"TIGER/Line® dataset from the US Census Bureau"
"The Dalles, OR",OR,US,50,100,150,45.554978,-121.18703,1,place,,,,,"The Dalles",OR,"Wasco County",97058,US,"TIGER/Line® dataset from the US Census Bureau"
"Tillamook, OR",OR,US,300,300,300,45.461952,-123.740874,1,place,,,,,Tillamook,OR,"Tillamook County",97141,US,"TIGER/Line® dataset from the US Census Bureau"
"Tisbury, MA",MA,US,100,130,160,42.15652,-71.489592,1,state,,,,,,MA,,,US,"US Census Bureau"
"Toledo, OH",OH,US,200,200,200,41.720684,-83.569359,1,place,,,,,Toledo,OH,"Lucas County",43601,US,"TIGER/Line® dataset from the US Census Bureau"
"Topeka, KS",KS,US,"3,000",3450,"4,000",38.988075,-95.780662,1,place,,,,,Topeka,KS,"Shawnee County",66601,US,"TIGER/Line® dataset from the US Census Bureau"
"Traverse City, MI",MI,US,"3,000",3000,"3,000",44.693963,-85.676342,1,place,,,,,"Traverse City",MI,"Grand Traverse County",49684,US,"TIGER/Line® dataset from the US Census Bureau"
"Trenton, NJ",NJ,US,"6,000",6900,"8,000",40.280531,-74.712018,1,place,,,,,Trenton,NJ,"Mercer County",08601,US,"TIGER/Line® dataset from the US Census Bureau"
"Troy, OH",OH,US,150,175,200,40.062621,-84.226398,1,place,,,,,Troy,OH,"Miami County",45373,US,"TIGER/Line® dataset from the US Census Bureau"
"Troy, PA",PA,US,6,6,6,41.788389,-76.837246,1,place,,,,,Troy,PA,"Bradford County",16947,US,"TIGER/Line® dataset from the US Census Bureau"
"Truckee, CA",CA,US,100,150,200,39.3781,-120.186383,1,place,,,,,Truckee,CA,"Nevada County",96160,US,"TIGER/Line® dataset from the US Census Bureau"
"Truth or Consequences, NM",NM,US,150,154,158,33.160602,-107.266914,1,place,,,,,"Truth Or Consequences",NM,"Sierra County",87901,US,"TIGER/Line® dataset from the US Census Bureau"
"Tucson, AZ",AZ,US,"15,000",15000,"15,000",32.217975,-110.970869,1,place,,,,,Tucson,AZ,"Pima County",85701,US,"TIGER/Line® dataset from the US Census Bureau"
"Tulsa, OK",OK,US,"1,000",1000,"1,000",36.039147,-95.868667,1,place,,,,,Tulsa,OK,"Tulsa County",74101,US,"TIGER/Line® dataset from the US Census Bureau"
"Tupper Lake, NY",NY,US,5,5,5,40.68863,-74.018244,1,place,,,,,"New York",NY,"New York County",10004,US,"TIGER/Line® dataset from the US Census Bureau"
"Tuscarora, NV",NV,US,7,7,7,41.31407,-116.22176,1,place,,,,,Tuscarora,NV,"Elko County",89834,US,"TIGER/Line® dataset from the US Census Bureau"
"Twisp, WA",WA,US,600,690,800,48.36348,-120.1223,1,place,,,,,Twisp,WA,"Okanogan County",98856,US,"TIGER/Line® dataset from the US Census Bureau"
"Ukiah, CA",CA,US,"1,500",1725,"2,000",39.15017,-123.20778,1,place,,,,,Ukiah,CA,"Mendocino County",95482,US,"TIGER/Line® dataset from the US Census Bureau"
"Unalakleet, AK",AK,US,38,39,40,63.87306,-160.78806,1,place,,,,,Unalakleet,AK,"Nome Census Area",99684,US,"TIGER/Line® dataset from the US Census Bureau"
"Unalaska (Dutch Harbor)",AK,US,80,83,86,53.85513,-166.518069,1,place,,,,,Unalaska,AK,"Aleutians West Census Area",99685,US,"TIGER/Line® dataset from the US Census Bureau"
"Union, WA",WA,US,55,57.5,60,47.336838,-123.074952,1,place,,,,,Union,WA,"Mason County",98592,US,"TIGER/Line® dataset from the US Census Bureau"
"University Park, MD",MD,US,80,80,80,38.970388,-76.941919,0.8,place,,,,,"University Park",MD,"Prince George's County",20782,US,"TIGER/Line® dataset from the US Census Bureau"
"Utica, NY",NY,US,200,250,300,40.68863,-74.018244,1,place,,,,,"New York",NY,"New York County",10004,US,"TIGER/Line® dataset from the US Census Bureau"
"Utqiagvik (Barrow), AK",AK,US,22,28.5,35,71.29058,-156.78872,1,place,,,,,Barrow,AK,"North Slope Borough",99723,US,"TIGER/Line® dataset from the US Census Bureau"
"Valdez, AK",AK,US,100,115,130,61.13083,-146.34833,1,place,,,,,Valdez,AK,"Valdez-Cordova Census Area",99686,US,"TIGER/Line® dataset from the US Census Bureau"
"Vallejo, CA",CA,US,100,150,200,38.18735,-122.224074,1,place,,,,,Vallejo,CA,"Solano County",94589,US,"TIGER/Line® dataset from the US Census Bureau"
"Valparaiso, IN",IN,US,260,368,500,41.454731,-87.065565,1,place,,,,,Valparaiso,IN,"Porter County",46383,US,"TIGER/Line® dataset from the US Census Bureau"
"Vancouver, WA",WA,US,150,175,200,45.678996,-122.720499,1,place,,,,,Vancouver,WA,"Clark County",98660,US,"TIGER/Line® dataset from the US Census Bureau"
"Vashon, WA",WA,US,253,261.5,270,47.41219,-122.47255,1,place,,,,,Vashon,WA,"King County",98070,US,"TIGER/Line® dataset from the US Census Bureau"
"Ventura, CA",CA,US,"1,700",2285,"3,000",34.330829,-119.358352,1,place,,,,,Ventura,CA,"Ventura County",93001,US,"TIGER/Line® dataset from the US Census Bureau"
"Vermillion, SD",SD,US,500,500,500,42.854124,-96.973318,1,place,,,,,Vermillion,SD,"Clay County",57069,US,"TIGER/Line® dataset from the US Census Bureau"
"Vienna, VA",VA,US,28,31.5,35,38.897361,-77.253749,1,place,,,,,Vienna,VA,"Fairfax County",22180,US,"TIGER/Line® dataset from the US Census Bureau"
"Vieques, PR",PR,US,150,200,250,18.123347,-65.460356,1,place,,,,,Vieques,PR,"Vieques Municipio",00765,US,"TIGER/Line® dataset from the US Census Bureau"
"Vinalhaven, ME",ME,US,76,76,76,44.08511,-68.841965,1,place,,,,,Vinalhaven,ME,"Knox County",04863,US,"TIGER/Line® dataset from the US Census Bureau"
"Visalia, CA",CA,US,500,500,500,36.303793,-119.375646,1,place,,,,,Visalia,CA,"Tulare County",93277,US,"TIGER/Line® dataset from the US Census Bureau"
"Walla Walla, WA",WA,US,"2,000",2180,"2,400",46.1341,-118.291407,1,place,,,,,"Walla Walla",WA,"Walla Walla County",99362,US,"TIGER/Line® dataset from the US Census Bureau"
"Walnut Creek, CA",CA,US,"3,000",6150,"10,000",37.873343,-122.070625,1,place,,,,,"Walnut Creek",CA,"Contra Costa County",94595,US,"TIGER/Line® dataset from the US Census Bureau"
"Washington DC",DC,US,"5,00,000","7,25,000","10,00,000",38.911936,-77.016719,1,place,,,,,Washington,DC,"District of Columbia",20001,US,"TIGER/Line® dataset from the US Census Bureau"
"Watertown, NY",NY,US,250,250,250,40.68863,-74.018244,1,place,,,,,"New York",NY,"New York County",10004,US,"TIGER/Line® dataset from the US Census Bureau"
"Watsonville, CA",CA,US,300,390,500,36.98025,-121.74696,1,place,,,,,Watsonville,CA,"Santa Cruz County",95076,US,"TIGER/Line® dataset from the US Census Bureau"
"Wausau, WI",WI,US,150,175,200,44.963304,-89.704051,1,place,,,,,Wausau,WI,"Marathon County",54401,US,"TIGER/Line® dataset from the US Census Bureau"
"Wellfleet, MA",MA,US,113,113,113,41.93761,-70.0328,1,place,,,,,Wellfleet,MA,"Barnstable County",02667,US,"TIGER/Line® dataset from the US Census Bureau"
"Wenatchee, WA",WA,US,"2,000",2000,"2,000",47.573816,-120.351884,1,place,,,,,Wenatchee,WA,"Chelan County",98801,US,"TIGER/Line® dataset from the US Census Bureau"
"West Chester, PA",PA,US,150,175,200,39.980107,-75.610503,1,place,,,,,"West Chester",PA,"Chester County",19380,US,"TIGER/Line® dataset from the US Census Bureau"
"West Jefferson, NC",NC,US,295,297.5,300,36.40374,-81.49288,1,place,,,,,"West Jefferson",NC,"Ashe County",28694,US,"TIGER/Line® dataset from the US Census Bureau"
"West Lima, WI",WI,US,1,1,1,43.546364,-90.530408,0.8,place,,,,,"West Lima",WI,"Richland County",54639,US,"TIGER/Line® dataset from the US Census Bureau"
"West Palm Beach, FL",FL,US,"5,000",5900,"7,000",26.715844,-80.070249,1,place,,,,,"West Palm Beach",FL,"Palm Beach County",33401,US,"TIGER/Line® dataset from the US Census Bureau"
"Westfield, NJ",NJ,US,"1,000",1450,"2,000",40.652851,-74.346764,1,place,,,,,Westfield,NJ,"Union County",07090,US,"TIGER/Line® dataset from the US Census Bureau"
"Westwood, CA",CA,US,7,7,7,40.303792,-121.022584,1,place,,,,,Westwood,CA,"Lassen County",96137,US,"TIGER/Line® dataset from the US Census Bureau"
"Wichita, KS",KS,US,"3,000",3000,"3,000",37.651974,-97.258997,1,place,,,,,Wichita,KS,"Sedgwick County",67201,US,"TIGER/Line® dataset from the US Census Bureau"
"Wichita Falls, TX",TX,US,150,150,150,33.905544,-98.479881,1,place,,,,,"Wichita Falls",TX,"Wichita County",76301,US,"TIGER/Line® dataset from the US Census Bureau"
"Williamsburg, VA",VA,US,700,835,"1,000",37.310451,-76.746769,1,place,,,,,Williamsburg,VA,"Williamsburg city",23186,US,"TIGER/Line® dataset from the US Census Bureau"
"Willits, CA",CA,US,50,50,50,39.525958,-123.36573,1,place,,,,,Willits,CA,"Mendocino County",95490,US,"TIGER/Line® dataset from the US Census Bureau"
"Wilmington, NC",NC,US,"1,000",1900,"3,000",34.271985,-77.963628,1,place,,,,,Wilmington,NC,"New Hanover County",28401,US,"TIGER/Line® dataset from the US Census Bureau"
"Wilmington, OH",OH,US,70,70,70,39.444985,-83.824424,1,place,,,,,Wilmington,OH,"Clinton County",45177,US,"TIGER/Line® dataset from the US Census Bureau"
"Wilton, NH",NH,US,100,112.5,125,42.84704,-71.73784,1,place,,,,,Wilton,NH,"Hillsborough County",03086,US,"TIGER/Line® dataset from the US Census Bureau"
"Winchester, VA",VA,US,"1,200",1245,"1,300",39.169668,-78.16856,1,place,,,,,Winchester,VA,"Winchester city",22601,US,"TIGER/Line® dataset from the US Census Bureau"
"Winters, CA",CA,US,200,200,200,38.52491,-121.9708,1,place,,,,,Winters,CA,"Yolo County",95694,US,"TIGER/Line® dataset from the US Census Bureau"
"Women's March Online",--,US,415,415,415,46.889731,-104.933025,0.8,place,,,,,Marsh,MT,"Dawson County",59326,US,"TIGER/Line® dataset from the US Census Bureau"
"Woods Hole, MA",MA,US,1,1,1,41.52925,-70.66646,1,place,,,,,"Woods Hole",MA,"Barnstable County",02543,US,"TIGER/Line® dataset from the US Census Bureau"
"Woodstock, NY",NY,US,"1,000",1000,"1,000",40.68863,-74.018244,1,place,,,,,"New York",NY,"New York County",10004,US,"TIGER/Line® dataset from the US Census Bureau"
"Woodstock, VA",VA,US,400,400,400,38.918791,-78.512429,1,place,,,,,Woodstock,VA,"Shenandoah County",22664,US,"TIGER/Line® dataset from the US Census Bureau"
"Wooster, OH",OH,US,500,725,"1,000",40.830699,-81.895377,1,place,,,,,Wooster,OH,"Wayne County",44691,US,"TIGER/Line® dataset from the US Census Bureau"
"Wyckoff, NJ",NJ,US,300,390,500,40.998387,-74.165733,1,place,,,,,Wyckoff,NJ,"Bergen County",07481,US,"TIGER/Line® dataset from the US Census Bureau"
"Yakima, WA",WA,US,800,890,"1,000",46.722625,-120.406039,1,place,,,,,Yakima,WA,"Yakima County",98901,US,"TIGER/Line® dataset from the US Census Bureau"
"Yellow Springs, OH",OH,US,250,250,250,39.80645,-83.88687,1,place,,,,,"Yellow Springs",OH,"Greene County",45387,US,"TIGER/Line® dataset from the US Census Bureau"
"Ypsilanti, MI",MI,US,"1,200",1200,"1,200",42.202139,-83.620494,1,place,,,,,Ypsilanti,MI,"Washtenaw County",48197,US,"TIGER/Line® dataset from the US Census Bureau"
"Yucca Valley, CA",CA,US,76,138,200,34.185894,-116.432416,1,place,,,,,"Yucca Valley",CA,"San Bernardino County",92284,US,"TIGER/Line® dataset from the US Census Bureau"
"Yuma, AZ",AZ,US,10,10,10,32.701461,-114.657232,1,place,,,,,Yuma,AZ,"Yuma County",85364,US,"TIGER/Line® dataset from the US Census Bureau"
"Zebulon, GA",GA,US,35,35,35,33.077371,-84.321736,1,place,,,,,Zebulon,GA,"Pike County",30295,US,"TIGER/Line® dataset from the US Census Bureau"
